solid OpenSCAD_Model
  facet normal 0 0 -1
    outer loop
      vertex -10 -10 -10
      vertex -4.157348061512726 -2.777851165098011 -10
      vertex -3.865052266813685 -3.1719664208182277 -10
    endloop
  endfacet
  facet normal 0 0 -1
    outer loop
      vertex -10 -10 -10
      vertex -4.409606321741776 -2.3569836841299883 -10
      vertex -4.157348061512726 -2.777851165098011 -10
    endloop
  endfacet
  facet normal 0 0 -1
    outer loop
      vertex -10 -10 -10
      vertex -3.865052266813685 -3.1719664208182277 -10
      vertex -3.5355339059327378 -3.5355339059327378 -10
    endloop
  endfacet
  facet normal 0 0 -1
    outer loop
      vertex -10 -10 -10
      vertex -3.1719664208182277 -3.865052266813685 -10
      vertex -2.777851165098011 -4.157348061512726 -10
    endloop
  endfacet
  facet normal 0 0 -1
    outer loop
      vertex -10 -10 -10
      vertex -3.5355339059327378 -3.5355339059327378 -10
      vertex -3.1719664208182277 -3.865052266813685 -10
    endloop
  endfacet
  facet normal 0 0 -1
    outer loop
      vertex -10 -10 -10
      vertex -2.777851165098011 -4.157348061512726 -10
      vertex -2.3569836841299883 -4.409606321741776 -10
    endloop
  endfacet
  facet normal 0 -1 0
    outer loop
      vertex -10 -10 -10
      vertex -2.4944088369076356 -10 -1.6667106990588065
      vertex -2.6457637930450653 -10 -1.4141902104779929
    endloop
  endfacet
  facet normal 0 -1 0
    outer loop
      vertex -10 -10 -10
      vertex -2.6457637930450653 -10 -1.4141902104779929
      vertex -2.77163859753386 -10 -1.1480502970952693
    endloop
  endfacet
  facet normal 0 -1 0
    outer loop
      vertex -10 -10 -10
      vertex -2.77163859753386 -10 -1.1480502970952693
      vertex -2.8708210071966267 -10 -0.870854031763387
    endloop
  endfacet
  facet normal 0 -1 0
    outer loop
      vertex -10 -10 -10
      vertex -2.8708210071966267 -10 -0.870854031763387
      vertex -2.9423558412096913 -10 -0.5852709660483848
    endloop
  endfacet
  facet normal 0 -1 0
    outer loop
      vertex -10 -10 -10
      vertex -2.9855541800165906 -10 -0.2940514209886818
      vertex -3 -10 0
    endloop
  endfacet
  facet normal 0 -1 0
    outer loop
      vertex -10 -10 -10
      vertex -3 -10 0
      vertex -2.9855541800165906 -10 0.2940514209886818
    endloop
  endfacet
  facet normal 0 -1 0
    outer loop
      vertex -10 -10 -10
      vertex -2.9423558412096913 -10 -0.5852709660483848
      vertex -2.9855541800165906 -10 -0.2940514209886818
    endloop
  endfacet
  facet normal 0 -1 0
    outer loop
      vertex -10 -10 -10
      vertex -2.9855541800165906 -10 0.2940514209886818
      vertex -2.9423558412096913 -10 0.5852709660483848
    endloop
  endfacet
  facet normal 0 -1 0
    outer loop
      vertex -10 -10 -10
      vertex -2.9423558412096913 -10 0.5852709660483848
      vertex -2.8708210071966267 -10 0.870854031763387
    endloop
  endfacet
  facet normal 0 -1 0
    outer loop
      vertex -10 -10 -10
      vertex -2.8708210071966267 -10 0.870854031763387
      vertex -2.77163859753386 -10 1.1480502970952693
    endloop
  endfacet
  facet normal 0 0 -1
    outer loop
      vertex -10 -10 -10
      vertex -10 10 -10
      vertex -4.784701678661044 -1.4514233862723116 -10
    endloop
  endfacet
  facet normal 0 0 -1
    outer loop
      vertex -10 -10 -10
      vertex -4.619397662556434 -1.913417161825449 -10
      vertex -4.409606321741776 -2.3569836841299883 -10
    endloop
  endfacet
  facet normal 0 0 -1
    outer loop
      vertex -10 -10 -10
      vertex -4.784701678661044 -1.4514233862723116 -10
      vertex -4.619397662556434 -1.913417161825449 -10
    endloop
  endfacet
  facet normal 0 -1 0
    outer loop
      vertex -10 -10 -10
      vertex -1.4141902104779929 -10 -2.6457637930450653
      vertex -1.6667106990588065 -10 -2.4944088369076356
    endloop
  endfacet
  facet normal 0 -1 0
    outer loop
      vertex -10 -10 -10
      vertex -1.1480502970952693 -10 -2.77163859753386
      vertex -1.4141902104779929 -10 -2.6457637930450653
    endloop
  endfacet
  facet normal 0 0 -1
    outer loop
      vertex -10 -10 -10
      vertex -2.3569836841299883 -4.409606321741776 -10
      vertex -1.913417161825449 -4.619397662556434 -10
    endloop
  endfacet
  facet normal 0 0 -1
    outer loop
      vertex -10 -10 -10
      vertex -1.913417161825449 -4.619397662556434 -10
      vertex -1.4514233862723116 -4.784701678661044 -10
    endloop
  endfacet
  facet normal 0 0 -1
    outer loop
      vertex -10 -10 -10
      vertex -1.4514233862723116 -4.784701678661044 -10
      vertex -0.9754516100806412 -4.903926402016152 -10
    endloop
  endfacet
  facet normal 0 0 -1
    outer loop
      vertex -10 -10 -10
      vertex -0.9754516100806412 -4.903926402016152 -10
      vertex -0.490085701647803 -4.975923633360985 -10
    endloop
  endfacet
  facet normal 0 0 -1
    outer loop
      vertex -10 -10 -10
      vertex -0.490085701647803 -4.975923633360985 -10
      vertex 0 -5 -10
    endloop
  endfacet
  facet normal 0 0 -1
    outer loop
      vertex -10 -10 -10
      vertex 0 -5 -10
      vertex 0.490085701647803 -4.975923633360985 -10
    endloop
  endfacet
  facet normal 0 0 -1
    outer loop
      vertex -10 -10 -10
      vertex 0.490085701647803 -4.975923633360985 -10
      vertex 0.9754516100806412 -4.903926402016152 -10
    endloop
  endfacet
  facet normal 0 0 -1
    outer loop
      vertex -10 -10 -10
      vertex 0.9754516100806412 -4.903926402016152 -10
      vertex 1.4514233862723116 -4.784701678661044 -10
    endloop
  endfacet
  facet normal 0 -1 0
    outer loop
      vertex -10 -10 -10
      vertex 10 -10 -10
      vertex -1.1480502970952693 -10 -2.77163859753386
    endloop
  endfacet
  facet normal 0 -1 0
    outer loop
      vertex -10 -10 -10
      vertex -2.319031360088211 -10 -1.9031798524909365
      vertex -2.4944088369076356 -10 -1.6667106990588065
    endloop
  endfacet
  facet normal 0 -1 0
    outer loop
      vertex -10 -10 -10
      vertex -2.121320343559643 -10 -2.121320343559643
      vertex -2.319031360088211 -10 -1.9031798524909365
    endloop
  endfacet
  facet normal 0 -1 0
    outer loop
      vertex -10 -10 -10
      vertex -1.9031798524909365 -10 -2.319031360088211
      vertex -2.121320343559643 -10 -2.121320343559643
    endloop
  endfacet
  facet normal 0 -1 0
    outer loop
      vertex -10 -10 -10
      vertex -1.6667106990588065 -10 -2.4944088369076356
      vertex -1.9031798524909365 -10 -2.319031360088211
    endloop
  endfacet
  facet normal 0 -1 0
    outer loop
      vertex -10 -10 -10
      vertex -2.77163859753386 -10 1.1480502970952693
      vertex -10 -10 10
    endloop
  endfacet
  facet normal 0 -1 0
    outer loop
      vertex -10 -10 10
      vertex -2.77163859753386 -10 1.1480502970952693
      vertex -2.6457637930450653 -10 1.4141902104779929
    endloop
  endfacet
  facet normal 0 -1 0
    outer loop
      vertex -10 -10 10
      vertex -2.6457637930450653 -10 1.4141902104779929
      vertex -2.4944088369076356 -10 1.6667106990588065
    endloop
  endfacet
  facet normal 0 0 1
    outer loop
      vertex -10 -10 10
      vertex -3.865052266813685 -3.1719664208182277 10
      vertex -4.157348061512726 -2.777851165098011 10
    endloop
  endfacet
  facet normal 0 0 1
    outer loop
      vertex -10 -10 10
      vertex -4.157348061512726 -2.777851165098011 10
      vertex -4.409606321741776 -2.3569836841299883 10
    endloop
  endfacet
  facet normal 0 0 1
    outer loop
      vertex -10 -10 10
      vertex -3.5355339059327378 -3.5355339059327378 10
      vertex -3.865052266813685 -3.1719664208182277 10
    endloop
  endfacet
  facet normal 0 0 1
    outer loop
      vertex -10 -10 10
      vertex -2.777851165098011 -4.157348061512726 10
      vertex -3.1719664208182277 -3.865052266813685 10
    endloop
  endfacet
  facet normal 0 0 1
    outer loop
      vertex -10 -10 10
      vertex -3.1719664208182277 -3.865052266813685 10
      vertex -3.5355339059327378 -3.5355339059327378 10
    endloop
  endfacet
  facet normal 0 0 1
    outer loop
      vertex -10 -10 10
      vertex -2.3569836841299883 -4.409606321741776 10
      vertex -2.777851165098011 -4.157348061512726 10
    endloop
  endfacet
  facet normal -1 0 0
    outer loop
      vertex -10 -10 -10
      vertex -10 -10 10
      vertex -10 10 10
    endloop
  endfacet
  facet normal 0 0 1
    outer loop
      vertex -10 -10 10
      vertex -4.409606321741776 -2.3569836841299883 10
      vertex -4.619397662556434 -1.913417161825449 10
    endloop
  endfacet
  facet normal 0 0 1
    outer loop
      vertex -10 -10 10
      vertex -4.619397662556434 -1.913417161825449 10
      vertex -4.784701678661044 -1.4514233862723116 10
    endloop
  endfacet
  facet normal 0 0 1
    outer loop
      vertex -10 -10 10
      vertex -4.784701678661044 -1.4514233862723116 10
      vertex -4.903926402016152 -0.9754516100806412 10
    endloop
  endfacet
  facet normal 0 0 1
    outer loop
      vertex -10 -10 10
      vertex -4.903926402016152 -0.9754516100806412 10
      vertex -4.975923633360985 -0.490085701647803 10
    endloop
  endfacet
  facet normal 0 0 1
    outer loop
      vertex -10 -10 10
      vertex -4.975923633360985 -0.490085701647803 10
      vertex -5 0 10
    endloop
  endfacet
  facet normal 0 0 1
    outer loop
      vertex -10 -10 10
      vertex -5 0 10
      vertex -4.975923633360985 0.490085701647803 10
    endloop
  endfacet
  facet normal 0 0 1
    outer loop
      vertex -10 -10 10
      vertex -4.975923633360985 0.490085701647803 10
      vertex -4.903926402016152 0.9754516100806412 10
    endloop
  endfacet
  facet normal 0 0 1
    outer loop
      vertex -10 -10 10
      vertex -4.903926402016152 0.9754516100806412 10
      vertex -4.784701678661044 1.4514233862723116 10
    endloop
  endfacet
  facet normal 0 -1 0
    outer loop
      vertex -10 -10 10
      vertex -2.4944088369076356 -10 1.6667106990588065
      vertex -2.319031360088211 -10 1.9031798524909365
    endloop
  endfacet
  facet normal 0 -1 0
    outer loop
      vertex -10 -10 10
      vertex -2.319031360088211 -10 1.9031798524909365
      vertex -2.121320343559643 -10 2.121320343559643
    endloop
  endfacet
  facet normal 0 -1 0
    outer loop
      vertex -10 -10 10
      vertex -2.121320343559643 -10 2.121320343559643
      vertex -1.9031798524909365 -10 2.319031360088211
    endloop
  endfacet
  facet normal 0 -1 0
    outer loop
      vertex -10 -10 10
      vertex -1.9031798524909365 -10 2.319031360088211
      vertex -1.6667106990588065 -10 2.4944088369076356
    endloop
  endfacet
  facet normal 0 -1 0
    outer loop
      vertex -10 -10 10
      vertex -1.6667106990588065 -10 2.4944088369076356
      vertex -1.4141902104779929 -10 2.6457637930450653
    endloop
  endfacet
  facet normal 0 -1 0
    outer loop
      vertex -10 -10 10
      vertex -1.4141902104779929 -10 2.6457637930450653
      vertex -1.1480502970952693 -10 2.77163859753386
    endloop
  endfacet
  facet normal 0 -1 0
    outer loop
      vertex -10 -10 10
      vertex -1.1480502970952693 -10 2.77163859753386
      vertex -0.870854031763387 -10 2.8708210071966267
    endloop
  endfacet
  facet normal 0 -1 0
    outer loop
      vertex -10 -10 10
      vertex -0.870854031763387 -10 2.8708210071966267
      vertex -0.5852709660483848 -10 2.9423558412096913
    endloop
  endfacet
  facet normal 0 -1 0
    outer loop
      vertex -10 -10 10
      vertex -0.5852709660483848 -10 2.9423558412096913
      vertex -0.2940514209886818 -10 2.9855541800165906
    endloop
  endfacet
  facet normal 0 -1 0
    outer loop
      vertex -10 -10 10
      vertex -0.2940514209886818 -10 2.9855541800165906
      vertex 0 -10 3
    endloop
  endfacet
  facet normal 0 -1 0
    outer loop
      vertex -10 -10 10
      vertex 0 -10 3
      vertex 0.2940514209886818 -10 2.9855541800165906
    endloop
  endfacet
  facet normal 0 -1 0
    outer loop
      vertex -10 -10 10
      vertex 0.2940514209886818 -10 2.9855541800165906
      vertex 0.5852709660483848 -10 2.9423558412096913
    endloop
  endfacet
  facet normal 0 -1 0
    outer loop
      vertex -10 -10 10
      vertex 0.5852709660483848 -10 2.9423558412096913
      vertex 0.870854031763387 -10 2.8708210071966267
    endloop
  endfacet
  facet normal 0 -1 0
    outer loop
      vertex -10 -10 10
      vertex 0.870854031763387 -10 2.8708210071966267
      vertex 1.1480502970952693 -10 2.77163859753386
    endloop
  endfacet
  facet normal 0 0 1
    outer loop
      vertex -10 -10 10
      vertex -1.913417161825449 -4.619397662556434 10
      vertex -2.3569836841299883 -4.409606321741776 10
    endloop
  endfacet
  facet normal 0 0 1
    outer loop
      vertex -10 -10 10
      vertex -1.4514233862723116 -4.784701678661044 10
      vertex -1.913417161825449 -4.619397662556434 10
    endloop
  endfacet
  facet normal 0 0 1
    outer loop
      vertex -10 -10 10
      vertex 10 -10 10
      vertex -1.4514233862723116 -4.784701678661044 10
    endloop
  endfacet
  facet normal 0 0 -1
    outer loop
      vertex -10 10 -10
      vertex -4.903926402016152 -0.9754516100806412 -10
      vertex -4.784701678661044 -1.4514233862723116 -10
    endloop
  endfacet
  facet normal 0 0 -1
    outer loop
      vertex -10 10 -10
      vertex -4.975923633360985 -0.490085701647803 -10
      vertex -4.903926402016152 -0.9754516100806412 -10
    endloop
  endfacet
  facet normal 0 0 -1
    outer loop
      vertex -10 10 -10
      vertex -5 0 -10
      vertex -4.975923633360985 -0.490085701647803 -10
    endloop
  endfacet
  facet normal 0 0 -1
    outer loop
      vertex -10 10 -10
      vertex -4.975923633360985 0.490085701647803 -10
      vertex -5 0 -10
    endloop
  endfacet
  facet normal 0 0 -1
    outer loop
      vertex -10 10 -10
      vertex -4.903926402016152 0.9754516100806412 -10
      vertex -4.975923633360985 0.490085701647803 -10
    endloop
  endfacet
  facet normal 0 0 -1
    outer loop
      vertex -10 10 -10
      vertex -4.784701678661044 1.4514233862723116 -10
      vertex -4.903926402016152 0.9754516100806412 -10
    endloop
  endfacet
  facet normal 0 0 -1
    outer loop
      vertex -10 10 -10
      vertex -4.619397662556434 1.913417161825449 -10
      vertex -4.784701678661044 1.4514233862723116 -10
    endloop
  endfacet
  facet normal 0 0 -1
    outer loop
      vertex -10 10 -10
      vertex -4.409606321741776 2.3569836841299883 -10
      vertex -4.619397662556434 1.913417161825449 -10
    endloop
  endfacet
  facet normal -1 0 0
    outer loop
      vertex -10 -10 -10
      vertex -10 10 10
      vertex -10 10 -10
    endloop
  endfacet
  facet normal 0 0 -1
    outer loop
      vertex -10 10 -10
      vertex -4.157348061512726 2.777851165098011 -10
      vertex -4.409606321741776 2.3569836841299883 -10
    endloop
  endfacet
  facet normal 0 0 -1
    outer loop
      vertex -10 10 -10
      vertex -3.865052266813685 3.1719664208182277 -10
      vertex -4.157348061512726 2.777851165098011 -10
    endloop
  endfacet
  facet normal 0 0 -1
    outer loop
      vertex -10 10 -10
      vertex -3.5355339059327378 3.5355339059327378 -10
      vertex -3.865052266813685 3.1719664208182277 -10
    endloop
  endfacet
  facet normal 0 0 -1
    outer loop
      vertex -10 10 -10
      vertex -3.1719664208182277 3.865052266813685 -10
      vertex -3.5355339059327378 3.5355339059327378 -10
    endloop
  endfacet
  facet normal 0 0 -1
    outer loop
      vertex -10 10 -10
      vertex -2.777851165098011 4.157348061512726 -10
      vertex -3.1719664208182277 3.865052266813685 -10
    endloop
  endfacet
  facet normal 0 0 -1
    outer loop
      vertex -10 10 -10
      vertex -2.3569836841299883 4.409606321741776 -10
      vertex -2.777851165098011 4.157348061512726 -10
    endloop
  endfacet
  facet normal 0 1 0
    outer loop
      vertex -10 10 -10
      vertex -10 10 10
      vertex -2.77163859753386 10 -1.1480502970952693
    endloop
  endfacet
  facet normal 0 1 0
    outer loop
      vertex -10 10 -10
      vertex -2.6457637930450653 10 -1.4141902104779929
      vertex -2.4944088369076356 10 -1.6667106990588065
    endloop
  endfacet
  facet normal 0 1 0
    outer loop
      vertex -10 10 -10
      vertex -2.77163859753386 10 -1.1480502970952693
      vertex -2.6457637930450653 10 -1.4141902104779929
    endloop
  endfacet
  facet normal 0 0 -1
    outer loop
      vertex -10 10 -10
      vertex -1.913417161825449 4.619397662556434 -10
      vertex -2.3569836841299883 4.409606321741776 -10
    endloop
  endfacet
  facet normal 0 0 -1
    outer loop
      vertex -10 10 -10
      vertex -1.4514233862723116 4.784701678661044 -10
      vertex -1.913417161825449 4.619397662556434 -10
    endloop
  endfacet
  facet normal 0 1 0
    outer loop
      vertex -10 10 -10
      vertex -1.6667106990588065 10 -2.4944088369076356
      vertex -1.4141902104779929 10 -2.6457637930450653
    endloop
  endfacet
  facet normal 0 1 0
    outer loop
      vertex -10 10 -10
      vertex -1.4141902104779929 10 -2.6457637930450653
      vertex -1.1480502970952693 10 -2.77163859753386
    endloop
  endfacet
  facet normal 0 1 0
    outer loop
      vertex -10 10 -10
      vertex -1.1480502970952693 10 -2.77163859753386
      vertex -0.870854031763387 10 -2.8708210071966267
    endloop
  endfacet
  facet normal 0 1 0
    outer loop
      vertex -10 10 -10
      vertex -0.870854031763387 10 -2.8708210071966267
      vertex -0.5852709660483848 10 -2.9423558412096913
    endloop
  endfacet
  facet normal 0 1 0
    outer loop
      vertex -10 10 -10
      vertex -0.5852709660483848 10 -2.9423558412096913
      vertex -0.2940514209886818 10 -2.9855541800165906
    endloop
  endfacet
  facet normal 0 1 0
    outer loop
      vertex -10 10 -10
      vertex -0.2940514209886818 10 -2.9855541800165906
      vertex 0 10 -3
    endloop
  endfacet
  facet normal 0 1 0
    outer loop
      vertex -10 10 -10
      vertex 0 10 -3
      vertex 0.2940514209886818 10 -2.9855541800165906
    endloop
  endfacet
  facet normal 0 1 0
    outer loop
      vertex -10 10 -10
      vertex 0.2940514209886818 10 -2.9855541800165906
      vertex 0.5852709660483848 10 -2.9423558412096913
    endloop
  endfacet
  facet normal 0 1 0
    outer loop
      vertex -10 10 -10
      vertex 0.5852709660483848 10 -2.9423558412096913
      vertex 0.870854031763387 10 -2.8708210071966267
    endloop
  endfacet
  facet normal 0 1 0
    outer loop
      vertex -10 10 -10
      vertex 0.870854031763387 10 -2.8708210071966267
      vertex 1.1480502970952693 10 -2.77163859753386
    endloop
  endfacet
  facet normal 0 0 -1
    outer loop
      vertex -10 10 -10
      vertex 10 10 -10
      vertex -1.4514233862723116 4.784701678661044 -10
    endloop
  endfacet
  facet normal 0 1 0
    outer loop
      vertex -10 10 -10
      vertex -2.4944088369076356 10 -1.6667106990588065
      vertex -2.319031360088211 10 -1.9031798524909365
    endloop
  endfacet
  facet normal 0 1 0
    outer loop
      vertex -10 10 -10
      vertex -2.319031360088211 10 -1.9031798524909365
      vertex -2.121320343559643 10 -2.121320343559643
    endloop
  endfacet
  facet normal 0 1 0
    outer loop
      vertex -10 10 -10
      vertex -2.121320343559643 10 -2.121320343559643
      vertex -1.9031798524909365 10 -2.319031360088211
    endloop
  endfacet
  facet normal 0 1 0
    outer loop
      vertex -10 10 -10
      vertex -1.9031798524909365 10 -2.319031360088211
      vertex -1.6667106990588065 10 -2.4944088369076356
    endloop
  endfacet
  facet normal 0 0 1
    outer loop
      vertex -10 -10 10
      vertex -4.784701678661044 1.4514233862723116 10
      vertex -10 10 10
    endloop
  endfacet
  facet normal 0 0 1
    outer loop
      vertex -10 10 10
      vertex -4.784701678661044 1.4514233862723116 10
      vertex -4.619397662556434 1.913417161825449 10
    endloop
  endfacet
  facet normal 0 0 1
    outer loop
      vertex -10 10 10
      vertex -4.619397662556434 1.913417161825449 10
      vertex -4.409606321741776 2.3569836841299883 10
    endloop
  endfacet
  facet normal 0 1 0
    outer loop
      vertex -10 10 10
      vertex -2.8708210071966267 10 -0.870854031763387
      vertex -2.77163859753386 10 -1.1480502970952693
    endloop
  endfacet
  facet normal 0 1 0
    outer loop
      vertex -10 10 10
      vertex -2.9423558412096913 10 -0.5852709660483848
      vertex -2.8708210071966267 10 -0.870854031763387
    endloop
  endfacet
  facet normal 0 1 0
    outer loop
      vertex -10 10 10
      vertex -2.9855541800165906 10 -0.2940514209886818
      vertex -2.9423558412096913 10 -0.5852709660483848
    endloop
  endfacet
  facet normal 0 1 0
    outer loop
      vertex -10 10 10
      vertex -3 10 0
      vertex -2.9855541800165906 10 -0.2940514209886818
    endloop
  endfacet
  facet normal 0 1 0
    outer loop
      vertex -10 10 10
      vertex -2.9855541800165906 10 0.2940514209886818
      vertex -3 10 0
    endloop
  endfacet
  facet normal 0 1 0
    outer loop
      vertex -10 10 10
      vertex -2.9423558412096913 10 0.5852709660483848
      vertex -2.9855541800165906 10 0.2940514209886818
    endloop
  endfacet
  facet normal 0 1 0
    outer loop
      vertex -10 10 10
      vertex -2.8708210071966267 10 0.870854031763387
      vertex -2.9423558412096913 10 0.5852709660483848
    endloop
  endfacet
  facet normal 0 1 0
    outer loop
      vertex -10 10 10
      vertex -2.77163859753386 10 1.1480502970952693
      vertex -2.8708210071966267 10 0.870854031763387
    endloop
  endfacet
  facet normal 0 1 0
    outer loop
      vertex -10 10 10
      vertex -2.6457637930450653 10 1.4141902104779929
      vertex -2.77163859753386 10 1.1480502970952693
    endloop
  endfacet
  facet normal 0 1 0
    outer loop
      vertex -10 10 10
      vertex -2.4944088369076356 10 1.6667106990588065
      vertex -2.6457637930450653 10 1.4141902104779929
    endloop
  endfacet
  facet normal 0 0 1
    outer loop
      vertex -10 10 10
      vertex -4.409606321741776 2.3569836841299883 10
      vertex -4.157348061512726 2.777851165098011 10
    endloop
  endfacet
  facet normal 0 0 1
    outer loop
      vertex -10 10 10
      vertex -4.157348061512726 2.777851165098011 10
      vertex -3.865052266813685 3.1719664208182277 10
    endloop
  endfacet
  facet normal 0 0 1
    outer loop
      vertex -10 10 10
      vertex -3.865052266813685 3.1719664208182277 10
      vertex -3.5355339059327378 3.5355339059327378 10
    endloop
  endfacet
  facet normal 0 0 1
    outer loop
      vertex -10 10 10
      vertex -3.5355339059327378 3.5355339059327378 10
      vertex -3.1719664208182277 3.865052266813685 10
    endloop
  endfacet
  facet normal 0 0 1
    outer loop
      vertex -10 10 10
      vertex -3.1719664208182277 3.865052266813685 10
      vertex -2.777851165098011 4.157348061512726 10
    endloop
  endfacet
  facet normal 0 0 1
    outer loop
      vertex -10 10 10
      vertex -2.777851165098011 4.157348061512726 10
      vertex -2.3569836841299883 4.409606321741776 10
    endloop
  endfacet
  facet normal 0 1 0
    outer loop
      vertex -10 10 10
      vertex -2.319031360088211 10 1.9031798524909365
      vertex -2.4944088369076356 10 1.6667106990588065
    endloop
  endfacet
  facet normal 0 1 0
    outer loop
      vertex -10 10 10
      vertex -2.121320343559643 10 2.121320343559643
      vertex -2.319031360088211 10 1.9031798524909365
    endloop
  endfacet
  facet normal 0 1 0
    outer loop
      vertex -10 10 10
      vertex -1.9031798524909365 10 2.319031360088211
      vertex -2.121320343559643 10 2.121320343559643
    endloop
  endfacet
  facet normal 0 1 0
    outer loop
      vertex -10 10 10
      vertex -1.6667106990588065 10 2.4944088369076356
      vertex -1.9031798524909365 10 2.319031360088211
    endloop
  endfacet
  facet normal 0 0 1
    outer loop
      vertex -10 10 10
      vertex -2.3569836841299883 4.409606321741776 10
      vertex -1.913417161825449 4.619397662556434 10
    endloop
  endfacet
  facet normal 0 0 1
    outer loop
      vertex -10 10 10
      vertex -1.913417161825449 4.619397662556434 10
      vertex -1.4514233862723116 4.784701678661044 10
    endloop
  endfacet
  facet normal 0 0 1
    outer loop
      vertex -10 10 10
      vertex -1.4514233862723116 4.784701678661044 10
      vertex -0.9754516100806412 4.903926402016152 10
    endloop
  endfacet
  facet normal 0 0 1
    outer loop
      vertex -10 10 10
      vertex -0.9754516100806412 4.903926402016152 10
      vertex -0.490085701647803 4.975923633360985 10
    endloop
  endfacet
  facet normal 0 0 1
    outer loop
      vertex -10 10 10
      vertex -0.490085701647803 4.975923633360985 10
      vertex 0 5 10
    endloop
  endfacet
  facet normal 0 0 1
    outer loop
      vertex -10 10 10
      vertex 0 5 10
      vertex 0.490085701647803 4.975923633360985 10
    endloop
  endfacet
  facet normal 0 0 1
    outer loop
      vertex -10 10 10
      vertex 0.490085701647803 4.975923633360985 10
      vertex 0.9754516100806412 4.903926402016152 10
    endloop
  endfacet
  facet normal 0 0 1
    outer loop
      vertex -10 10 10
      vertex 0.9754516100806412 4.903926402016152 10
      vertex 1.4514233862723116 4.784701678661044 10
    endloop
  endfacet
  facet normal 0 1 0
    outer loop
      vertex -10 10 10
      vertex -1.4141902104779929 10 2.6457637930450653
      vertex -1.6667106990588065 10 2.4944088369076356
    endloop
  endfacet
  facet normal 0 1 0
    outer loop
      vertex -10 10 10
      vertex -1.1480502970952693 10 2.77163859753386
      vertex -1.4141902104779929 10 2.6457637930450653
    endloop
  endfacet
  facet normal 0 1 0
    outer loop
      vertex -10 10 10
      vertex 10 10 10
      vertex -1.1480502970952693 10 2.77163859753386
    endloop
  endfacet
  facet normal 0 0 -1
    outer loop
      vertex -10 -10 -10
      vertex 1.4514233862723116 -4.784701678661044 -10
      vertex 10 -10 -10
    endloop
  endfacet
  facet normal 0 -1 0
    outer loop
      vertex 10 -10 -10
      vertex -0.870854031763387 -10 -2.8708210071966267
      vertex -1.1480502970952693 -10 -2.77163859753386
    endloop
  endfacet
  facet normal 0 -1 0
    outer loop
      vertex 10 -10 -10
      vertex -0.5852709660483848 -10 -2.9423558412096913
      vertex -0.870854031763387 -10 -2.8708210071966267
    endloop
  endfacet
  facet normal 0 -1 0
    outer loop
      vertex 10 -10 -10
      vertex -0.2940514209886818 -10 -2.9855541800165906
      vertex -0.5852709660483848 -10 -2.9423558412096913
    endloop
  endfacet
  facet normal 0 -1 0
    outer loop
      vertex 10 -10 -10
      vertex 0 -10 -3
      vertex -0.2940514209886818 -10 -2.9855541800165906
    endloop
  endfacet
  facet normal 0 -1 0
    outer loop
      vertex 10 -10 -10
      vertex 0.2940514209886818 -10 -2.9855541800165906
      vertex 0 -10 -3
    endloop
  endfacet
  facet normal 0 -1 0
    outer loop
      vertex 10 -10 -10
      vertex 0.5852709660483848 -10 -2.9423558412096913
      vertex 0.2940514209886818 -10 -2.9855541800165906
    endloop
  endfacet
  facet normal 0 -1 0
    outer loop
      vertex 10 -10 -10
      vertex 0.870854031763387 -10 -2.8708210071966267
      vertex 0.5852709660483848 -10 -2.9423558412096913
    endloop
  endfacet
  facet normal 0 -1 0
    outer loop
      vertex 10 -10 -10
      vertex 1.1480502970952693 -10 -2.77163859753386
      vertex 0.870854031763387 -10 -2.8708210071966267
    endloop
  endfacet
  facet normal 0 -1 0
    outer loop
      vertex 10 -10 -10
      vertex 1.4141902104779929 -10 -2.6457637930450653
      vertex 1.1480502970952693 -10 -2.77163859753386
    endloop
  endfacet
  facet normal 0 -1 0
    outer loop
      vertex 10 -10 -10
      vertex 1.6667106990588065 -10 -2.4944088369076356
      vertex 1.4141902104779929 -10 -2.6457637930450653
    endloop
  endfacet
  facet normal 0 0 -1
    outer loop
      vertex 10 -10 -10
      vertex 1.4514233862723116 -4.784701678661044 -10
      vertex 1.913417161825449 -4.619397662556434 -10
    endloop
  endfacet
  facet normal 0 0 -1
    outer loop
      vertex 10 -10 -10
      vertex 1.913417161825449 -4.619397662556434 -10
      vertex 2.3569836841299883 -4.409606321741776 -10
    endloop
  endfacet
  facet normal 0 -1 0
    outer loop
      vertex 10 -10 -10
      vertex 1.9031798524909365 -10 -2.319031360088211
      vertex 1.6667106990588065 -10 -2.4944088369076356
    endloop
  endfacet
  facet normal 0 -1 0
    outer loop
      vertex 10 -10 -10
      vertex 2.121320343559643 -10 -2.121320343559643
      vertex 1.9031798524909365 -10 -2.319031360088211
    endloop
  endfacet
  facet normal 0 -1 0
    outer loop
      vertex 10 -10 -10
      vertex 2.319031360088211 -10 -1.9031798524909365
      vertex 2.121320343559643 -10 -2.121320343559643
    endloop
  endfacet
  facet normal 0 -1 0
    outer loop
      vertex 10 -10 -10
      vertex 2.4944088369076356 -10 -1.6667106990588065
      vertex 2.319031360088211 -10 -1.9031798524909365
    endloop
  endfacet
  facet normal 0 0 -1
    outer loop
      vertex 10 -10 -10
      vertex 2.3569836841299883 -4.409606321741776 -10
      vertex 2.777851165098011 -4.157348061512726 -10
    endloop
  endfacet
  facet normal 0 0 -1
    outer loop
      vertex 10 -10 -10
      vertex 2.777851165098011 -4.157348061512726 -10
      vertex 3.1719664208182277 -3.865052266813685 -10
    endloop
  endfacet
  facet normal 0 0 -1
    outer loop
      vertex 10 -10 -10
      vertex 3.1719664208182277 -3.865052266813685 -10
      vertex 3.5355339059327378 -3.5355339059327378 -10
    endloop
  endfacet
  facet normal 0 0 -1
    outer loop
      vertex 10 -10 -10
      vertex 3.5355339059327378 -3.5355339059327378 -10
      vertex 3.865052266813685 -3.1719664208182277 -10
    endloop
  endfacet
  facet normal 0 0 -1
    outer loop
      vertex 10 -10 -10
      vertex 3.865052266813685 -3.1719664208182277 -10
      vertex 4.157348061512726 -2.777851165098011 -10
    endloop
  endfacet
  facet normal 0 0 -1
    outer loop
      vertex 10 -10 -10
      vertex 4.157348061512726 -2.777851165098011 -10
      vertex 4.409606321741776 -2.3569836841299883 -10
    endloop
  endfacet
  facet normal 0 -1 0
    outer loop
      vertex 10 -10 -10
      vertex 2.6457637930450653 -10 -1.4141902104779929
      vertex 2.4944088369076356 -10 -1.6667106990588065
    endloop
  endfacet
  facet normal 0 -1 0
    outer loop
      vertex 10 -10 -10
      vertex 2.77163859753386 -10 -1.1480502970952693
      vertex 2.6457637930450653 -10 -1.4141902104779929
    endloop
  endfacet
  facet normal 0 -1 0
    outer loop
      vertex 10 -10 -10
      vertex 10 -10 10
      vertex 2.77163859753386 -10 -1.1480502970952693
    endloop
  endfacet
  facet normal 0 0 -1
    outer loop
      vertex 10 -10 -10
      vertex 4.409606321741776 -2.3569836841299883 -10
      vertex 4.619397662556434 -1.913417161825449 -10
    endloop
  endfacet
  facet normal 0 0 -1
    outer loop
      vertex 10 -10 -10
      vertex 4.619397662556434 -1.913417161825449 -10
      vertex 4.784701678661044 -1.4514233862723116 -10
    endloop
  endfacet
  facet normal 0 0 -1
    outer loop
      vertex 10 -10 -10
      vertex 4.784701678661044 -1.4514233862723116 -10
      vertex 4.903926402016152 -0.9754516100806412 -10
    endloop
  endfacet
  facet normal 0 0 -1
    outer loop
      vertex 10 -10 -10
      vertex 4.903926402016152 -0.9754516100806412 -10
      vertex 4.975923633360985 -0.490085701647803 -10
    endloop
  endfacet
  facet normal 0 0 -1
    outer loop
      vertex 10 -10 -10
      vertex 4.975923633360985 -0.490085701647803 -10
      vertex 5 0 -10
    endloop
  endfacet
  facet normal 0 0 -1
    outer loop
      vertex 10 -10 -10
      vertex 5 0 -10
      vertex 4.975923633360985 0.490085701647803 -10
    endloop
  endfacet
  facet normal 0 0 -1
    outer loop
      vertex 10 -10 -10
      vertex 4.975923633360985 0.490085701647803 -10
      vertex 4.903926402016152 0.9754516100806412 -10
    endloop
  endfacet
  facet normal 0 0 -1
    outer loop
      vertex 10 -10 -10
      vertex 4.903926402016152 0.9754516100806412 -10
      vertex 4.784701678661044 1.4514233862723116 -10
    endloop
  endfacet
  facet normal 1 0 0
    outer loop
      vertex 10 -10 -10
      vertex 10 10 -10
      vertex 10 -10 10
    endloop
  endfacet
  facet normal 0 -1 0
    outer loop
      vertex 10 -10 10
      vertex 1.6667106990588065 -10 2.4944088369076356
      vertex 1.9031798524909365 -10 2.319031360088211
    endloop
  endfacet
  facet normal 0 -1 0
    outer loop
      vertex 10 -10 10
      vertex 1.9031798524909365 -10 2.319031360088211
      vertex 2.121320343559643 -10 2.121320343559643
    endloop
  endfacet
  facet normal 0 -1 0
    outer loop
      vertex 10 -10 10
      vertex 2.121320343559643 -10 2.121320343559643
      vertex 2.319031360088211 -10 1.9031798524909365
    endloop
  endfacet
  facet normal 0 -1 0
    outer loop
      vertex 10 -10 10
      vertex 2.319031360088211 -10 1.9031798524909365
      vertex 2.4944088369076356 -10 1.6667106990588065
    endloop
  endfacet
  facet normal 0 -1 0
    outer loop
      vertex -10 -10 10
      vertex 1.1480502970952693 -10 2.77163859753386
      vertex 10 -10 10
    endloop
  endfacet
  facet normal 0 -1 0
    outer loop
      vertex 10 -10 10
      vertex 1.1480502970952693 -10 2.77163859753386
      vertex 1.4141902104779929 -10 2.6457637930450653
    endloop
  endfacet
  facet normal 0 -1 0
    outer loop
      vertex 10 -10 10
      vertex 1.4141902104779929 -10 2.6457637930450653
      vertex 1.6667106990588065 -10 2.4944088369076356
    endloop
  endfacet
  facet normal 0 0 1
    outer loop
      vertex 10 -10 10
      vertex -0.9754516100806412 -4.903926402016152 10
      vertex -1.4514233862723116 -4.784701678661044 10
    endloop
  endfacet
  facet normal 0 0 1
    outer loop
      vertex 10 -10 10
      vertex -0.490085701647803 -4.975923633360985 10
      vertex -0.9754516100806412 -4.903926402016152 10
    endloop
  endfacet
  facet normal 0 0 1
    outer loop
      vertex 10 -10 10
      vertex 0 -5 10
      vertex -0.490085701647803 -4.975923633360985 10
    endloop
  endfacet
  facet normal 0 0 1
    outer loop
      vertex 10 -10 10
      vertex 0.490085701647803 -4.975923633360985 10
      vertex 0 -5 10
    endloop
  endfacet
  facet normal 0 0 1
    outer loop
      vertex 10 -10 10
      vertex 0.9754516100806412 -4.903926402016152 10
      vertex 0.490085701647803 -4.975923633360985 10
    endloop
  endfacet
  facet normal 0 0 1
    outer loop
      vertex 10 -10 10
      vertex 1.4514233862723116 -4.784701678661044 10
      vertex 0.9754516100806412 -4.903926402016152 10
    endloop
  endfacet
  facet normal 0 0 1
    outer loop
      vertex 10 -10 10
      vertex 1.913417161825449 -4.619397662556434 10
      vertex 1.4514233862723116 -4.784701678661044 10
    endloop
  endfacet
  facet normal 0 0 1
    outer loop
      vertex 10 -10 10
      vertex 2.3569836841299883 -4.409606321741776 10
      vertex 1.913417161825449 -4.619397662556434 10
    endloop
  endfacet
  facet normal 0 -1 0
    outer loop
      vertex 10 -10 10
      vertex 2.8708210071966267 -10 -0.870854031763387
      vertex 2.77163859753386 -10 -1.1480502970952693
    endloop
  endfacet
  facet normal 0 -1 0
    outer loop
      vertex 10 -10 10
      vertex 2.9423558412096913 -10 -0.5852709660483848
      vertex 2.8708210071966267 -10 -0.870854031763387
    endloop
  endfacet
  facet normal 0 -1 0
    outer loop
      vertex 10 -10 10
      vertex 2.9855541800165906 -10 -0.2940514209886818
      vertex 2.9423558412096913 -10 -0.5852709660483848
    endloop
  endfacet
  facet normal 0 -1 0
    outer loop
      vertex 10 -10 10
      vertex 2.9423558412096913 -10 0.5852709660483848
      vertex 2.9855541800165906 -10 0.2940514209886818
    endloop
  endfacet
  facet normal 0 -1 0
    outer loop
      vertex 10 -10 10
      vertex 3 -10 0
      vertex 2.9855541800165906 -10 -0.2940514209886818
    endloop
  endfacet
  facet normal 0 -1 0
    outer loop
      vertex 10 -10 10
      vertex 2.9855541800165906 -10 0.2940514209886818
      vertex 3 -10 0
    endloop
  endfacet
  facet normal 0 -1 0
    outer loop
      vertex 10 -10 10
      vertex 2.8708210071966267 -10 0.870854031763387
      vertex 2.9423558412096913 -10 0.5852709660483848
    endloop
  endfacet
  facet normal 0 -1 0
    outer loop
      vertex 10 -10 10
      vertex 2.77163859753386 -10 1.1480502970952693
      vertex 2.8708210071966267 -10 0.870854031763387
    endloop
  endfacet
  facet normal 0 -1 0
    outer loop
      vertex 10 -10 10
      vertex 2.6457637930450653 -10 1.4141902104779929
      vertex 2.77163859753386 -10 1.1480502970952693
    endloop
  endfacet
  facet normal 0 -1 0
    outer loop
      vertex 10 -10 10
      vertex 2.4944088369076356 -10 1.6667106990588065
      vertex 2.6457637930450653 -10 1.4141902104779929
    endloop
  endfacet
  facet normal 0 0 1
    outer loop
      vertex 10 -10 10
      vertex 2.777851165098011 -4.157348061512726 10
      vertex 2.3569836841299883 -4.409606321741776 10
    endloop
  endfacet
  facet normal 0 0 1
    outer loop
      vertex 10 -10 10
      vertex 3.1719664208182277 -3.865052266813685 10
      vertex 2.777851165098011 -4.157348061512726 10
    endloop
  endfacet
  facet normal 0 0 1
    outer loop
      vertex 10 -10 10
      vertex 3.5355339059327378 -3.5355339059327378 10
      vertex 3.1719664208182277 -3.865052266813685 10
    endloop
  endfacet
  facet normal 0 0 1
    outer loop
      vertex 10 -10 10
      vertex 3.865052266813685 -3.1719664208182277 10
      vertex 3.5355339059327378 -3.5355339059327378 10
    endloop
  endfacet
  facet normal 0 0 1
    outer loop
      vertex 10 -10 10
      vertex 4.157348061512726 -2.777851165098011 10
      vertex 3.865052266813685 -3.1719664208182277 10
    endloop
  endfacet
  facet normal 0 0 1
    outer loop
      vertex 10 -10 10
      vertex 4.409606321741776 -2.3569836841299883 10
      vertex 4.157348061512726 -2.777851165098011 10
    endloop
  endfacet
  facet normal 0 0 1
    outer loop
      vertex 10 -10 10
      vertex 4.619397662556434 -1.913417161825449 10
      vertex 4.409606321741776 -2.3569836841299883 10
    endloop
  endfacet
  facet normal 0 0 1
    outer loop
      vertex 10 -10 10
      vertex 4.784701678661044 -1.4514233862723116 10
      vertex 4.619397662556434 -1.913417161825449 10
    endloop
  endfacet
  facet normal 0 0 1
    outer loop
      vertex 10 -10 10
      vertex 10 10 10
      vertex 4.784701678661044 -1.4514233862723116 10
    endloop
  endfacet
  facet normal 0 1 0
    outer loop
      vertex -10 10 -10
      vertex 1.1480502970952693 10 -2.77163859753386
      vertex 10 10 -10
    endloop
  endfacet
  facet normal 0 0 -1
    outer loop
      vertex 10 10 -10
      vertex -0.9754516100806412 4.903926402016152 -10
      vertex -1.4514233862723116 4.784701678661044 -10
    endloop
  endfacet
  facet normal 0 0 -1
    outer loop
      vertex 10 10 -10
      vertex -0.490085701647803 4.975923633360985 -10
      vertex -0.9754516100806412 4.903926402016152 -10
    endloop
  endfacet
  facet normal 0 0 -1
    outer loop
      vertex 10 10 -10
      vertex 0 5 -10
      vertex -0.490085701647803 4.975923633360985 -10
    endloop
  endfacet
  facet normal 0 0 -1
    outer loop
      vertex 10 10 -10
      vertex 0.490085701647803 4.975923633360985 -10
      vertex 0 5 -10
    endloop
  endfacet
  facet normal 0 0 -1
    outer loop
      vertex 10 10 -10
      vertex 0.9754516100806412 4.903926402016152 -10
      vertex 0.490085701647803 4.975923633360985 -10
    endloop
  endfacet
  facet normal 0 0 -1
    outer loop
      vertex 10 10 -10
      vertex 1.4514233862723116 4.784701678661044 -10
      vertex 0.9754516100806412 4.903926402016152 -10
    endloop
  endfacet
  facet normal 0 0 -1
    outer loop
      vertex 10 10 -10
      vertex 1.913417161825449 4.619397662556434 -10
      vertex 1.4514233862723116 4.784701678661044 -10
    endloop
  endfacet
  facet normal 0 0 -1
    outer loop
      vertex 10 10 -10
      vertex 2.3569836841299883 4.409606321741776 -10
      vertex 1.913417161825449 4.619397662556434 -10
    endloop
  endfacet
  facet normal 0 1 0
    outer loop
      vertex 10 10 -10
      vertex 1.1480502970952693 10 -2.77163859753386
      vertex 1.4141902104779929 10 -2.6457637930450653
    endloop
  endfacet
  facet normal 0 1 0
    outer loop
      vertex 10 10 -10
      vertex 1.4141902104779929 10 -2.6457637930450653
      vertex 1.6667106990588065 10 -2.4944088369076356
    endloop
  endfacet
  facet normal 0 1 0
    outer loop
      vertex 10 10 -10
      vertex 1.6667106990588065 10 -2.4944088369076356
      vertex 1.9031798524909365 10 -2.319031360088211
    endloop
  endfacet
  facet normal 0 1 0
    outer loop
      vertex 10 10 -10
      vertex 1.9031798524909365 10 -2.319031360088211
      vertex 2.121320343559643 10 -2.121320343559643
    endloop
  endfacet
  facet normal 0 1 0
    outer loop
      vertex 10 10 -10
      vertex 2.121320343559643 10 -2.121320343559643
      vertex 2.319031360088211 10 -1.9031798524909365
    endloop
  endfacet
  facet normal 0 1 0
    outer loop
      vertex 10 10 -10
      vertex 2.319031360088211 10 -1.9031798524909365
      vertex 2.4944088369076356 10 -1.6667106990588065
    endloop
  endfacet
  facet normal 0 0 -1
    outer loop
      vertex 10 10 -10
      vertex 4.784701678661044 1.4514233862723116 -10
      vertex 4.619397662556434 1.913417161825449 -10
    endloop
  endfacet
  facet normal 0 0 -1
    outer loop
      vertex 10 10 -10
      vertex 4.619397662556434 1.913417161825449 -10
      vertex 4.409606321741776 2.3569836841299883 -10
    endloop
  endfacet
  facet normal 0 0 -1
    outer loop
      vertex 10 -10 -10
      vertex 4.784701678661044 1.4514233862723116 -10
      vertex 10 10 -10
    endloop
  endfacet
  facet normal 0 0 -1
    outer loop
      vertex 10 10 -10
      vertex 2.777851165098011 4.157348061512726 -10
      vertex 2.3569836841299883 4.409606321741776 -10
    endloop
  endfacet
  facet normal 0 0 -1
    outer loop
      vertex 10 10 -10
      vertex 3.5355339059327378 3.5355339059327378 -10
      vertex 3.1719664208182277 3.865052266813685 -10
    endloop
  endfacet
  facet normal 0 0 -1
    outer loop
      vertex 10 10 -10
      vertex 3.1719664208182277 3.865052266813685 -10
      vertex 2.777851165098011 4.157348061512726 -10
    endloop
  endfacet
  facet normal 0 0 -1
    outer loop
      vertex 10 10 -10
      vertex 3.865052266813685 3.1719664208182277 -10
      vertex 3.5355339059327378 3.5355339059327378 -10
    endloop
  endfacet
  facet normal 0 0 -1
    outer loop
      vertex 10 10 -10
      vertex 4.409606321741776 2.3569836841299883 -10
      vertex 4.157348061512726 2.777851165098011 -10
    endloop
  endfacet
  facet normal 0 0 -1
    outer loop
      vertex 10 10 -10
      vertex 4.157348061512726 2.777851165098011 -10
      vertex 3.865052266813685 3.1719664208182277 -10
    endloop
  endfacet
  facet normal 0 1 0
    outer loop
      vertex 10 10 -10
      vertex 2.4944088369076356 10 -1.6667106990588065
      vertex 2.6457637930450653 10 -1.4141902104779929
    endloop
  endfacet
  facet normal 0 1 0
    outer loop
      vertex 10 10 -10
      vertex 2.6457637930450653 10 -1.4141902104779929
      vertex 2.77163859753386 10 -1.1480502970952693
    endloop
  endfacet
  facet normal 0 1 0
    outer loop
      vertex 10 10 -10
      vertex 2.77163859753386 10 -1.1480502970952693
      vertex 2.8708210071966267 10 -0.870854031763387
    endloop
  endfacet
  facet normal 0 1 0
    outer loop
      vertex 10 10 -10
      vertex 2.8708210071966267 10 -0.870854031763387
      vertex 2.9423558412096913 10 -0.5852709660483848
    endloop
  endfacet
  facet normal 0 1 0
    outer loop
      vertex 10 10 -10
      vertex 2.9423558412096913 10 -0.5852709660483848
      vertex 2.9855541800165906 10 -0.2940514209886818
    endloop
  endfacet
  facet normal 0 1 0
    outer loop
      vertex 10 10 -10
      vertex 2.9855541800165906 10 -0.2940514209886818
      vertex 3 10 0
    endloop
  endfacet
  facet normal 0 1 0
    outer loop
      vertex 10 10 -10
      vertex 3 10 0
      vertex 2.9855541800165906 10 0.2940514209886818
    endloop
  endfacet
  facet normal 0 1 0
    outer loop
      vertex 10 10 -10
      vertex 2.9855541800165906 10 0.2940514209886818
      vertex 2.9423558412096913 10 0.5852709660483848
    endloop
  endfacet
  facet normal 0 1 0
    outer loop
      vertex 10 10 -10
      vertex 2.9423558412096913 10 0.5852709660483848
      vertex 2.8708210071966267 10 0.870854031763387
    endloop
  endfacet
  facet normal 0 1 0
    outer loop
      vertex 10 10 -10
      vertex 2.8708210071966267 10 0.870854031763387
      vertex 2.77163859753386 10 1.1480502970952693
    endloop
  endfacet
  facet normal 0 1 0
    outer loop
      vertex 10 10 10
      vertex 1.9031798524909365 10 2.319031360088211
      vertex 1.6667106990588065 10 2.4944088369076356
    endloop
  endfacet
  facet normal 0 1 0
    outer loop
      vertex 10 10 10
      vertex 2.121320343559643 10 2.121320343559643
      vertex 1.9031798524909365 10 2.319031360088211
    endloop
  endfacet
  facet normal 0 1 0
    outer loop
      vertex 10 10 10
      vertex 2.319031360088211 10 1.9031798524909365
      vertex 2.121320343559643 10 2.121320343559643
    endloop
  endfacet
  facet normal 0 1 0
    outer loop
      vertex 10 10 10
      vertex 2.4944088369076356 10 1.6667106990588065
      vertex 2.319031360088211 10 1.9031798524909365
    endloop
  endfacet
  facet normal 0 0 1
    outer loop
      vertex -10 10 10
      vertex 1.4514233862723116 4.784701678661044 10
      vertex 10 10 10
    endloop
  endfacet
  facet normal 0 0 1
    outer loop
      vertex 10 10 10
      vertex 1.4514233862723116 4.784701678661044 10
      vertex 1.913417161825449 4.619397662556434 10
    endloop
  endfacet
  facet normal 0 0 1
    outer loop
      vertex 10 10 10
      vertex 1.913417161825449 4.619397662556434 10
      vertex 2.3569836841299883 4.409606321741776 10
    endloop
  endfacet
  facet normal 0 1 0
    outer loop
      vertex 10 10 10
      vertex -0.870854031763387 10 2.8708210071966267
      vertex -1.1480502970952693 10 2.77163859753386
    endloop
  endfacet
  facet normal 0 1 0
    outer loop
      vertex 10 10 10
      vertex -0.5852709660483848 10 2.9423558412096913
      vertex -0.870854031763387 10 2.8708210071966267
    endloop
  endfacet
  facet normal 0 1 0
    outer loop
      vertex 10 10 10
      vertex -0.2940514209886818 10 2.9855541800165906
      vertex -0.5852709660483848 10 2.9423558412096913
    endloop
  endfacet
  facet normal 0 1 0
    outer loop
      vertex 10 10 10
      vertex 0 10 3
      vertex -0.2940514209886818 10 2.9855541800165906
    endloop
  endfacet
  facet normal 0 1 0
    outer loop
      vertex 10 10 10
      vertex 0.2940514209886818 10 2.9855541800165906
      vertex 0 10 3
    endloop
  endfacet
  facet normal 0 1 0
    outer loop
      vertex 10 10 10
      vertex 0.5852709660483848 10 2.9423558412096913
      vertex 0.2940514209886818 10 2.9855541800165906
    endloop
  endfacet
  facet normal 0 1 0
    outer loop
      vertex 10 10 10
      vertex 0.870854031763387 10 2.8708210071966267
      vertex 0.5852709660483848 10 2.9423558412096913
    endloop
  endfacet
  facet normal 0 1 0
    outer loop
      vertex 10 10 10
      vertex 1.1480502970952693 10 2.77163859753386
      vertex 0.870854031763387 10 2.8708210071966267
    endloop
  endfacet
  facet normal 0 1 0
    outer loop
      vertex 10 10 10
      vertex 1.4141902104779929 10 2.6457637930450653
      vertex 1.1480502970952693 10 2.77163859753386
    endloop
  endfacet
  facet normal 0 1 0
    outer loop
      vertex 10 10 10
      vertex 1.6667106990588065 10 2.4944088369076356
      vertex 1.4141902104779929 10 2.6457637930450653
    endloop
  endfacet
  facet normal 1 0 0
    outer loop
      vertex 10 -10 10
      vertex 10 10 -10
      vertex 10 10 10
    endloop
  endfacet
  facet normal 0 0 1
    outer loop
      vertex 10 10 10
      vertex 4.903926402016152 -0.9754516100806412 10
      vertex 4.784701678661044 -1.4514233862723116 10
    endloop
  endfacet
  facet normal 0 0 1
    outer loop
      vertex 10 10 10
      vertex 4.975923633360985 -0.490085701647803 10
      vertex 4.903926402016152 -0.9754516100806412 10
    endloop
  endfacet
  facet normal 0 0 1
    outer loop
      vertex 10 10 10
      vertex 5 0 10
      vertex 4.975923633360985 -0.490085701647803 10
    endloop
  endfacet
  facet normal 0 0 1
    outer loop
      vertex 10 10 10
      vertex 4.975923633360985 0.490085701647803 10
      vertex 5 0 10
    endloop
  endfacet
  facet normal 0 0 1
    outer loop
      vertex 10 10 10
      vertex 4.903926402016152 0.9754516100806412 10
      vertex 4.975923633360985 0.490085701647803 10
    endloop
  endfacet
  facet normal 0 0 1
    outer loop
      vertex 10 10 10
      vertex 4.784701678661044 1.4514233862723116 10
      vertex 4.903926402016152 0.9754516100806412 10
    endloop
  endfacet
  facet normal 0 0 1
    outer loop
      vertex 10 10 10
      vertex 4.619397662556434 1.913417161825449 10
      vertex 4.784701678661044 1.4514233862723116 10
    endloop
  endfacet
  facet normal 0 0 1
    outer loop
      vertex 10 10 10
      vertex 4.409606321741776 2.3569836841299883 10
      vertex 4.619397662556434 1.913417161825449 10
    endloop
  endfacet
  facet normal 0 1 0
    outer loop
      vertex 10 10 10
      vertex 2.77163859753386 10 1.1480502970952693
      vertex 2.6457637930450653 10 1.4141902104779929
    endloop
  endfacet
  facet normal 0 1 0
    outer loop
      vertex 10 10 10
      vertex 2.6457637930450653 10 1.4141902104779929
      vertex 2.4944088369076356 10 1.6667106990588065
    endloop
  endfacet
  facet normal 0 1 0
    outer loop
      vertex 10 10 -10
      vertex 2.77163859753386 10 1.1480502970952693
      vertex 10 10 10
    endloop
  endfacet
  facet normal 0 0 1
    outer loop
      vertex 10 10 10
      vertex 2.3569836841299883 4.409606321741776 10
      vertex 2.777851165098011 4.157348061512726 10
    endloop
  endfacet
  facet normal 0 0 1
    outer loop
      vertex 10 10 10
      vertex 3.1719664208182277 3.865052266813685 10
      vertex 3.5355339059327378 3.5355339059327378 10
    endloop
  endfacet
  facet normal 0 0 1
    outer loop
      vertex 10 10 10
      vertex 2.777851165098011 4.157348061512726 10
      vertex 3.1719664208182277 3.865052266813685 10
    endloop
  endfacet
  facet normal 0 0 1
    outer loop
      vertex 10 10 10
      vertex 3.5355339059327378 3.5355339059327378 10
      vertex 3.865052266813685 3.1719664208182277 10
    endloop
  endfacet
  facet normal 0 0 1
    outer loop
      vertex 10 10 10
      vertex 4.157348061512726 2.777851165098011 10
      vertex 4.409606321741776 2.3569836841299883 10
    endloop
  endfacet
  facet normal 0 0 1
    outer loop
      vertex 10 10 10
      vertex 3.865052266813685 3.1719664208182277 10
      vertex 4.157348061512726 2.777851165098011 10
    endloop
  endfacet
  facet normal 0.5141027441932224 0.8577286100002717 -1.9470202309045867e-18
    outer loop
      vertex -2.77163859753386 -4.161071731209619 -1.1480502970952693
      vertex -2.3569836841299883 -4.409606321741776 -10
      vertex -2.777851165098011 -4.157348061512726 -10
    endloop
  endfacet
  facet normal 0.595699304492433 0.803207531480645 6.363664672432742e-18
    outer loop
      vertex -3 -3.99259125675397 0
      vertex -2.777851165098011 -4.157348061512726 -10
      vertex -3.1719664208182277 -3.865052266813685 -10
    endloop
  endfacet
  facet normal 0.24298017990326456 0.9700312531945439 -2.9804984243692335e-17
    outer loop
      vertex -1.4141902104779929 -4.794028103684031 -2.6457637930450653
      vertex -0.9754516100806412 -4.903926402016152 -10
      vertex -1.4514233862723116 -4.784701678661044 -10
    endloop
  endfacet
  facet normal 0.14673047445536283 0.9891765099647808 -1.1157779666593828e-17
    outer loop
      vertex -0.870854031763387 -4.919441987089962 -2.8708210071966267
      vertex -0.490085701647803 -4.975923633360985 -10
      vertex -0.9754516100806412 -4.903926402016152 -10
    endloop
  endfacet
  facet normal 0.04906767432741712 0.9987954562051724 -5.065326898174479e-17
    outer loop
      vertex -0.2940514209886818 -4.985554180016591 -2.9855541800165906
      vertex 0 -5 -10
      vertex -0.490085701647803 -4.975923633360985 -10
    endloop
  endfacet
  facet normal 0.4275550934302817 0.9039892931234436 2.881802572758369e-17
    outer loop
      vertex -2.319031360088211 -4.42755643417675 -1.9031798524909365
      vertex -1.913417161825449 -4.619397662556434 -10
      vertex -2.3569836841299883 -4.409606321741776 -10
    endloop
  endfacet
  facet normal 0.33688985339221883 0.9415440651830213 2.8307003951515826e-17
    outer loop
      vertex -1.9031798524909365 -4.623060630407189 -2.319031360088211
      vertex -1.4514233862723116 -4.784701678661044 -10
      vertex -1.913417161825449 -4.619397662556434 -10
    endloop
  endfacet
  facet normal 0.33688985339221833 0.9415440651830214 0
    outer loop
      vertex -1.6667106990588065 -4.707670646419607 -2.4944088369076356
      vertex -1.4514233862723116 -4.784701678661044 -2.6234470863062263
      vertex -1.4514233862723116 -4.784701678661044 -10
    endloop
  endfacet
  facet normal 0.242980179903259 0.9700312531945452 0
    outer loop
      vertex -1.4514233862723116 -4.784701678661044 -2.6234470863062263
      vertex -1.4141902104779929 -4.794028103684031 -2.6457637930450653
      vertex -1.4514233862723116 -4.784701678661044 -10
    endloop
  endfacet
  facet normal 0.24298017990326537 0.9700312531945436 1.9463519767488934e-17
    outer loop
      vertex -1.4141902104779929 -4.794028103684031 -2.6457637930450653
      vertex -1.1480502970952693 -4.860692681572847 -2.77163859753386
      vertex -0.9754516100806412 -4.903926402016152 -10
    endloop
  endfacet
  facet normal 0.24298017990326456 0.9700312531945439 0
    outer loop
      vertex -1.1480502970952693 -4.860692681572847 -2.77163859753386
      vertex -0.9754516100806412 -4.903926402016152 -2.833395395239069
      vertex -0.9754516100806412 -4.903926402016152 -10
    endloop
  endfacet
  facet normal 0.1467304744553621 0.9891765099647809 0
    outer loop
      vertex -0.9754516100806412 -4.903926402016152 -2.833395395239069
      vertex -0.870854031763387 -4.919441987089962 -2.8708210071966267
      vertex -0.9754516100806412 -4.903926402016152 -10
    endloop
  endfacet
  facet normal 0.146730474455364 0.9891765099647807 5.1254587418475583e-17
    outer loop
      vertex -0.870854031763387 -4.919441987089962 -2.8708210071966267
      vertex -0.5852709660483848 -4.961804233167026 -2.9423558412096913
      vertex -0.490085701647803 -4.975923633360985 -10
    endloop
  endfacet
  facet normal 0.04906767432741533 0.9987954562051724 0
    outer loop
      vertex -0.490085701647803 -4.975923633360985 -2.95647524140365
      vertex -0.2940514209886818 -4.985554180016591 -2.9855541800165906
      vertex -0.490085701647803 -4.975923633360985 -10
    endloop
  endfacet
  facet normal 0.14673047445536022 0.9891765099647811 0
    outer loop
      vertex -0.5852709660483848 -4.961804233167026 -2.9423558412096913
      vertex -0.490085701647803 -4.975923633360985 -2.95647524140365
      vertex -0.490085701647803 -4.975923633360985 -10
    endloop
  endfacet
  facet normal 0.049067674327418334 0.9987954562051724 0
    outer loop
      vertex -0.2940514209886818 -4.985554180016591 -2.9855541800165906
      vertex 0 -5 -3
      vertex 0 -5 -10
    endloop
  endfacet
  facet normal 0.7409511253549591 0.6715589548470183 0
    outer loop
      vertex -3.865052266813685 -3.1719664208182277 10
      vertex -3.5355339059327378 -3.5355339059327378 -10
      vertex -3.865052266813685 -3.1719664208182277 -10
    endloop
  endfacet
  facet normal 0.803207531480645 0.595699304492433 0
    outer loop
      vertex -4.157348061512726 -2.777851165098011 10
      vertex -3.865052266813685 -3.1719664208182277 -10
      vertex -4.157348061512726 -2.777851165098011 -10
    endloop
  endfacet
  facet normal 0.5956993044924337 0.8032075314806446 -8.896025572234955e-18
    outer loop
      vertex -2.8708210071966267 -4.088396927333463 -0.870854031763387
      vertex -2.777851165098011 -4.157348061512726 -10
      vertex -2.9423558412096913 -4.035343078610194 -0.5852709660483848
    endloop
  endfacet
  facet normal 0.5141027441932204 0.8577286100002729 0
    outer loop
      vertex -2.777851165098011 -4.157348061512726 -1.1306873339170205
      vertex -2.77163859753386 -4.161071731209619 -1.1480502970952693
      vertex -2.777851165098011 -4.157348061512726 -10
    endloop
  endfacet
  facet normal 0.5141027441932218 0.8577286100002721 -4.7429418791593333e-17
    outer loop
      vertex -2.6457637930450653 -4.236518185551924 -1.4141902104779929
      vertex -2.3569836841299883 -4.409606321741776 -10
      vertex -2.77163859753386 -4.161071731209619 -1.1480502970952693
    endloop
  endfacet
  facet normal 0.5956993044924344 0.8032075314806442 0
    outer loop
      vertex -2.777851165098011 -4.157348061512726 -1.1306873339170205
      vertex -2.777851165098011 -4.157348061512726 -10
      vertex -2.8708210071966267 -4.088396927333463 -0.870854031763387
    endloop
  endfacet
  facet normal 0.5956993044924326 0.8032075314806455 -4.271751016041093e-17
    outer loop
      vertex -2.9855541800165906 -4.003305007036013 -0.2940514209886818
      vertex -2.9423558412096913 -4.035343078610194 -0.5852709660483848
      vertex -2.777851165098011 -4.157348061512726 -10
    endloop
  endfacet
  facet normal 0.5956993044924073 0.8032075314806643 -8.803580096188391e-16
    outer loop
      vertex -2.9855541800165906 -4.003305007036013 -0.2940514209886818
      vertex -2.777851165098011 -4.157348061512726 -10
      vertex -3 -3.99259125675397 0
    endloop
  endfacet
  facet normal 0.6715589548470183 0.7409511253549591 0
    outer loop
      vertex -3.5355339059327378 -3.5355339059327378 10
      vertex -3.1719664208182277 -3.865052266813685 -10
      vertex -3.5355339059327378 -3.5355339059327378 -10
    endloop
  endfacet
  facet normal 0.9039892931234436 0.4275550934302817 0
    outer loop
      vertex -4.619397662556434 -1.913417161825449 10
      vertex -4.409606321741776 -2.3569836841299883 -10
      vertex -4.619397662556434 -1.913417161825449 -10
    endloop
  endfacet
  facet normal 0.9415440651830213 0.33688985339221883 0
    outer loop
      vertex -4.784701678661044 -1.4514233862723116 10
      vertex -4.619397662556434 -1.913417161825449 -10
      vertex -4.784701678661044 -1.4514233862723116 -10
    endloop
  endfacet
  facet normal 0.8577286100002717 0.5141027441932224 0
    outer loop
      vertex -4.409606321741776 -2.3569836841299883 10
      vertex -4.157348061512726 -2.777851165098011 -10
      vertex -4.409606321741776 -2.3569836841299883 -10
    endloop
  endfacet
  facet normal 0.9700312531945439 0.2429801799032646 0
    outer loop
      vertex -4.903926402016152 -0.9754516100806412 10
      vertex -4.784701678661044 -1.4514233862723116 -10
      vertex -4.903926402016152 -0.9754516100806412 -10
    endloop
  endfacet
  facet normal 0.9891765099647808 0.14673047445536283 0
    outer loop
      vertex -4.975923633360985 -0.490085701647803 10
      vertex -4.903926402016152 -0.9754516100806412 -10
      vertex -4.975923633360985 -0.490085701647803 -10
    endloop
  endfacet
  facet normal 0.9987954562051724 0.049067674327417134 0
    outer loop
      vertex -5 0 10
      vertex -4.975923633360985 -0.490085701647803 -10
      vertex -5 0 -10
    endloop
  endfacet
  facet normal 0.42755509343028664 0.903989293123441 0
    outer loop
      vertex -2.3569836841299883 -4.409606321741776 -1.8520070673665303
      vertex -2.319031360088211 -4.42755643417675 -1.9031798524909365
      vertex -2.3569836841299883 -4.409606321741776 -10
    endloop
  endfacet
  facet normal 0.514102744193223 0.8577286100002713 0
    outer loop
      vertex -2.3569836841299883 -4.409606321741776 -1.8520070673665303
      vertex -2.3569836841299883 -4.409606321741776 -10
      vertex -2.4944088369076356 -4.327236855059139 -1.6667106990588065
    endloop
  endfacet
  facet normal 0.33688985339223765 0.9415440651830146 0
    outer loop
      vertex -1.913417161825449 -4.619397662556434 -2.3097528037545025
      vertex -1.9031798524909365 -4.623060630407189 -2.319031360088211
      vertex -1.913417161825449 -4.619397662556434 -10
    endloop
  endfacet
  facet normal 0.42755509343028053 0.9039892931234441 0
    outer loop
      vertex -2.121320343559643 -4.521066780800429 -2.121320343559643
      vertex -1.913417161825449 -4.619397662556434 -2.3097528037545025
      vertex -1.913417161825449 -4.619397662556434 -10
    endloop
  endfacet
  facet normal 0.427555093430282 0.9039892931234434 4.562406796446713e-17
    outer loop
      vertex -2.319031360088211 -4.42755643417675 -1.9031798524909365
      vertex -2.121320343559643 -4.521066780800429 -2.121320343559643
      vertex -1.913417161825449 -4.619397662556434 -10
    endloop
  endfacet
  facet normal 0.5141027441932225 0.8577286100002715 -1.2130636127837389e-17
    outer loop
      vertex -2.6457637930450653 -4.236518185551924 -1.4141902104779929
      vertex -2.4944088369076356 -4.327236855059139 -1.6667106990588065
      vertex -2.3569836841299883 -4.409606321741776 -10
    endloop
  endfacet
  facet normal 0.33688985339221855 0.9415440651830214 7.522115754435553e-18
    outer loop
      vertex -1.9031798524909365 -4.623060630407189 -2.319031360088211
      vertex -1.6667106990588065 -4.707670646419607 -2.4944088369076356
      vertex -1.4514233862723116 -4.784701678661044 -10
    endloop
  endfacet
  facet normal 0.5956993044924332 0.803207531480645 0
    outer loop
      vertex -3 -3.99259125675397 0
      vertex -3.1719664208182277 -3.865052266813685 -10
      vertex -3.1719664208182277 -3.865052266813685 10
    endloop
  endfacet
  facet normal 0.8577286100002717 0.5141027441932224 0
    outer loop
      vertex -4.409606321741776 -2.3569836841299883 10
      vertex -4.157348061512726 -2.777851165098011 10
      vertex -4.157348061512726 -2.777851165098011 -10
    endloop
  endfacet
  facet normal 0.803207531480645 0.595699304492433 0
    outer loop
      vertex -4.157348061512726 -2.777851165098011 10
      vertex -3.865052266813685 -3.1719664208182277 10
      vertex -3.865052266813685 -3.1719664208182277 -10
    endloop
  endfacet
  facet normal 0.6715589548470183 0.7409511253549591 0
    outer loop
      vertex -3.1719664208182277 -3.865052266813685 10
      vertex -3.1719664208182277 -3.865052266813685 -10
      vertex -3.5355339059327378 -3.5355339059327378 10
    endloop
  endfacet
  facet normal 0.5956993044924226 0.8032075314806529 -2.839909465521843e-16
    outer loop
      vertex -3 -3.99259125675397 0
      vertex -3.1719664208182277 -3.865052266813685 10
      vertex -2.9855541800165906 -4.003305007036013 0.2940514209886818
    endloop
  endfacet
  facet normal 0.5956993044924328 0.8032075314806455 1.618223875366565e-17
    outer loop
      vertex -2.9855541800165906 -4.003305007036013 0.2940514209886818
      vertex -3.1719664208182277 -3.865052266813685 10
      vertex -2.9423558412096913 -4.035343078610194 0.5852709660483848
    endloop
  endfacet
  facet normal 0.5956993044924336 0.8032075314806447 5.278857077584387e-17
    outer loop
      vertex -2.9423558412096913 -4.035343078610194 0.5852709660483848
      vertex -3.1719664208182277 -3.865052266813685 10
      vertex -2.8708210071966267 -4.088396927333463 0.870854031763387
    endloop
  endfacet
  facet normal 0.5956993044924342 0.8032075314806443 8.116710957349426e-17
    outer loop
      vertex -2.777851165098011 -4.157348061512726 1.1306873339170205
      vertex -2.8708210071966267 -4.088396927333463 0.870854031763387
      vertex -3.1719664208182277 -3.865052266813685 10
    endloop
  endfacet
  facet normal 0.5141027441932204 0.8577286100002729 0
    outer loop
      vertex -2.777851165098011 -4.157348061512726 1.1306873339170205
      vertex -2.777851165098011 -4.157348061512726 10
      vertex -2.77163859753386 -4.161071731209619 1.1480502970952693
    endloop
  endfacet
  facet normal 0.5141027441932218 0.8577286100002721 1.3333938129009867e-18
    outer loop
      vertex -2.77163859753386 -4.161071731209619 1.1480502970952693
      vertex -2.777851165098011 -4.157348061512726 10
      vertex -2.6457637930450653 -4.236518185551924 1.4141902104779929
    endloop
  endfacet
  facet normal 0.5141027441932224 0.8577286100002716 1.5628733051567984e-17
    outer loop
      vertex -2.6457637930450653 -4.236518185551924 1.4141902104779929
      vertex -2.777851165098011 -4.157348061512726 10
      vertex -2.4944088369076356 -4.327236855059139 1.6667106990588065
    endloop
  endfacet
  facet normal 0.514102744193223 0.8577286100002713 3.7268723147037725e-17
    outer loop
      vertex -2.4944088369076356 -4.327236855059139 1.6667106990588065
      vertex -2.777851165098011 -4.157348061512726 10
      vertex -2.3569836841299883 -4.409606321741776 1.8520070673665303
    endloop
  endfacet
  facet normal 0.7409511253549591 0.6715589548470183 0
    outer loop
      vertex -3.865052266813685 -3.1719664208182277 10
      vertex -3.5355339059327378 -3.5355339059327378 10
      vertex -3.5355339059327378 -3.5355339059327378 -10
    endloop
  endfacet
  facet normal 0.9039892931234436 0.4275550934302817 0
    outer loop
      vertex -4.619397662556434 -1.913417161825449 10
      vertex -4.409606321741776 -2.3569836841299883 10
      vertex -4.409606321741776 -2.3569836841299883 -10
    endloop
  endfacet
  facet normal 0.9700312531945439 0.2429801799032646 0
    outer loop
      vertex -4.903926402016152 -0.9754516100806412 10
      vertex -4.784701678661044 -1.4514233862723116 10
      vertex -4.784701678661044 -1.4514233862723116 -10
    endloop
  endfacet
  facet normal 0.9415440651830213 0.33688985339221883 0
    outer loop
      vertex -4.784701678661044 -1.4514233862723116 10
      vertex -4.619397662556434 -1.913417161825449 10
      vertex -4.619397662556434 -1.913417161825449 -10
    endloop
  endfacet
  facet normal 0.9891765099647808 0.14673047445536283 0
    outer loop
      vertex -4.975923633360985 -0.490085701647803 10
      vertex -4.903926402016152 -0.9754516100806412 10
      vertex -4.903926402016152 -0.9754516100806412 -10
    endloop
  endfacet
  facet normal 0.9987954562051724 0.049067674327417134 0
    outer loop
      vertex -5 0 10
      vertex -4.975923633360985 -0.490085701647803 10
      vertex -4.975923633360985 -0.490085701647803 -10
    endloop
  endfacet
  facet normal 0.42755509343028664 0.903989293123441 0
    outer loop
      vertex -2.3569836841299883 -4.409606321741776 1.8520070673665303
      vertex -2.3569836841299883 -4.409606321741776 10
      vertex -2.319031360088211 -4.42755643417675 1.9031798524909365
    endloop
  endfacet
  facet normal 0.4275550934302819 0.9039892931234433 -2.7044000566003073e-17
    outer loop
      vertex -2.319031360088211 -4.42755643417675 1.9031798524909365
      vertex -2.3569836841299883 -4.409606321741776 10
      vertex -2.121320343559643 -4.521066780800429 2.121320343559643
    endloop
  endfacet
  facet normal 0.4275550934302806 0.9039892931234441 -7.829629222628075e-17
    outer loop
      vertex -2.121320343559643 -4.521066780800429 2.121320343559643
      vertex -2.3569836841299883 -4.409606321741776 10
      vertex -1.913417161825449 -4.619397662556434 2.3097528037545025
    endloop
  endfacet
  facet normal 0.33688985339223765 0.9415440651830146 0
    outer loop
      vertex -1.913417161825449 -4.619397662556434 2.3097528037545025
      vertex -1.913417161825449 -4.619397662556434 10
      vertex -1.9031798524909365 -4.623060630407189 2.319031360088211
    endloop
  endfacet
  facet normal 0.33688985339221855 0.9415440651830214 -2.8747581587461645e-17
    outer loop
      vertex -1.9031798524909365 -4.623060630407189 2.319031360088211
      vertex -1.913417161825449 -4.619397662556434 10
      vertex -1.6667106990588065 -4.707670646419607 2.4944088369076356
    endloop
  endfacet
  facet normal 0.5956993044924331 0.8032075314806453 0
    outer loop
      vertex -2.777851165098011 -4.157348061512726 1.1306873339170205
      vertex -3.1719664208182277 -3.865052266813685 10
      vertex -2.777851165098011 -4.157348061512726 10
    endloop
  endfacet
  facet normal 0.33688985339221833 0.9415440651830215 -3.766848675215263e-17
    outer loop
      vertex -1.6667106990588065 -4.707670646419607 2.4944088369076356
      vertex -1.913417161825449 -4.619397662556434 10
      vertex -1.4514233862723116 -4.784701678661044 2.6234470863062263
    endloop
  endfacet
  facet normal 0.242980179903259 0.9700312531945452 0
    outer loop
      vertex -1.4514233862723116 -4.784701678661044 2.6234470863062263
      vertex -1.4514233862723116 -4.784701678661044 10
      vertex -1.4141902104779929 -4.794028103684031 2.6457637930450653
    endloop
  endfacet
  facet normal 0.24298017990326534 0.9700312531945438 3.4093127244052866e-17
    outer loop
      vertex -1.4141902104779929 -4.794028103684031 2.6457637930450653
      vertex -1.4514233862723116 -4.784701678661044 10
      vertex -1.1480502970952693 -4.860692681572847 2.77163859753386
    endloop
  endfacet
  facet normal 0.4275550934302817 0.9039892931234434 0
    outer loop
      vertex -1.913417161825449 -4.619397662556434 2.3097528037545025
      vertex -2.3569836841299883 -4.409606321741776 10
      vertex -1.913417161825449 -4.619397662556434 10
    endloop
  endfacet
  facet normal 0.5141027441932224 0.8577286100002717 0
    outer loop
      vertex -2.3569836841299883 -4.409606321741776 1.8520070673665303
      vertex -2.777851165098011 -4.157348061512726 10
      vertex -2.3569836841299883 -4.409606321741776 10
    endloop
  endfacet
  facet normal 0.24298017990326454 0.9700312531945439 0
    outer loop
      vertex -1.1480502970952693 -4.860692681572847 2.77163859753386
      vertex -1.4514233862723116 -4.784701678661044 10
      vertex -0.9754516100806412 -4.903926402016152 2.833395395239069
    endloop
  endfacet
  facet normal 0.1467304744553621 0.9891765099647809 0
    outer loop
      vertex -0.9754516100806412 -4.903926402016152 2.833395395239069
      vertex -0.9754516100806412 -4.903926402016152 10
      vertex -0.870854031763387 -4.919441987089962 2.8708210071966267
    endloop
  endfacet
  facet normal 0.14673047445536397 0.9891765099647807 2.813090761416885e-17
    outer loop
      vertex -0.870854031763387 -4.919441987089962 2.8708210071966267
      vertex -0.9754516100806412 -4.903926402016152 10
      vertex -0.5852709660483848 -4.961804233167026 2.9423558412096913
    endloop
  endfacet
  facet normal 0.14673047445536025 0.9891765099647812 -1.8368156510351746e-16
    outer loop
      vertex -0.5852709660483848 -4.961804233167026 2.9423558412096913
      vertex -0.9754516100806412 -4.903926402016152 10
      vertex -0.490085701647803 -4.975923633360985 2.95647524140365
    endloop
  endfacet
  facet normal 0.04906767432741533 0.9987954562051724 0
    outer loop
      vertex -0.490085701647803 -4.975923633360985 2.95647524140365
      vertex -0.490085701647803 -4.975923633360985 10
      vertex -0.2940514209886818 -4.985554180016591 2.9855541800165906
    endloop
  endfacet
  facet normal 0.049067674327418334 0.9987954562051724 8.43063657842667e-17
    outer loop
      vertex -0.2940514209886818 -4.985554180016591 2.9855541800165906
      vertex -0.490085701647803 -4.975923633360985 10
      vertex 0 -5 3
    endloop
  endfacet
  facet normal 0.3368898533922188 0.9415440651830213 0
    outer loop
      vertex -1.4514233862723116 -4.784701678661044 2.6234470863062263
      vertex -1.913417161825449 -4.619397662556434 10
      vertex -1.4514233862723116 -4.784701678661044 10
    endloop
  endfacet
  facet normal 0.2429801799032646 0.9700312531945439 0
    outer loop
      vertex -0.9754516100806412 -4.903926402016152 2.833395395239069
      vertex -1.4514233862723116 -4.784701678661044 10
      vertex -0.9754516100806412 -4.903926402016152 10
    endloop
  endfacet
  facet normal 0.14673047445536286 0.9891765099647808 0
    outer loop
      vertex -0.490085701647803 -4.975923633360985 2.95647524140365
      vertex -0.9754516100806412 -4.903926402016152 10
      vertex -0.490085701647803 -4.975923633360985 10
    endloop
  endfacet
  facet normal 0.049067674327417134 0.9987954562051725 0
    outer loop
      vertex 0 -5 3
      vertex -0.490085701647803 -4.975923633360985 10
      vertex 0 -5 10
    endloop
  endfacet
  facet normal 0.5956993044924331 -0.8032075314806453 0
    outer loop
      vertex -2.777851165098011 4.157348061512726 -1.1306873339170205
      vertex -3.1719664208182277 3.865052266813685 -10
      vertex -2.777851165098011 4.157348061512726 -10
    endloop
  endfacet
  facet normal 0.3368898533922188 -0.9415440651830213 0
    outer loop
      vertex -1.4514233862723116 4.784701678661044 -2.6234470863062263
      vertex -1.913417161825449 4.619397662556434 -10
      vertex -1.4514233862723116 4.784701678661044 -10
    endloop
  endfacet
  facet normal 0.2429801799032646 -0.9700312531945439 0
    outer loop
      vertex -0.9754516100806412 4.903926402016152 -2.833395395239069
      vertex -1.4514233862723116 4.784701678661044 -10
      vertex -0.9754516100806412 4.903926402016152 -10
    endloop
  endfacet
  facet normal 0.14673047445536286 -0.9891765099647808 0
    outer loop
      vertex -0.490085701647803 4.975923633360985 -2.95647524140365
      vertex -0.9754516100806412 4.903926402016152 -10
      vertex -0.490085701647803 4.975923633360985 -10
    endloop
  endfacet
  facet normal 0.049067674327417134 -0.9987954562051725 0
    outer loop
      vertex 0 5 -3
      vertex -0.490085701647803 4.975923633360985 -10
      vertex 0 5 -10
    endloop
  endfacet
  facet normal 0.5141027441932224 -0.8577286100002717 0
    outer loop
      vertex -2.3569836841299883 4.409606321741776 -1.8520070673665303
      vertex -2.777851165098011 4.157348061512726 -10
      vertex -2.3569836841299883 4.409606321741776 -10
    endloop
  endfacet
  facet normal 0.4275550934302817 -0.9039892931234434 0
    outer loop
      vertex -1.913417161825449 4.619397662556434 -2.3097528037545025
      vertex -2.3569836841299883 4.409606321741776 -10
      vertex -1.913417161825449 4.619397662556434 -10
    endloop
  endfacet
  facet normal 0.33688985339221833 -0.9415440651830215 3.766848675215263e-17
    outer loop
      vertex -1.6667106990588065 4.707670646419607 -2.4944088369076356
      vertex -1.913417161825449 4.619397662556434 -10
      vertex -1.4514233862723116 4.784701678661044 -2.6234470863062263
    endloop
  endfacet
  facet normal 0.242980179903259 -0.9700312531945452 0
    outer loop
      vertex -1.4514233862723116 4.784701678661044 -2.6234470863062263
      vertex -1.4514233862723116 4.784701678661044 -10
      vertex -1.4141902104779929 4.794028103684031 -2.6457637930450653
    endloop
  endfacet
  facet normal 0.24298017990326534 -0.9700312531945438 -3.4093127244052866e-17
    outer loop
      vertex -1.4141902104779929 4.794028103684031 -2.6457637930450653
      vertex -1.4514233862723116 4.784701678661044 -10
      vertex -1.1480502970952693 4.860692681572847 -2.77163859753386
    endloop
  endfacet
  facet normal 0.24298017990326454 -0.9700312531945439 0
    outer loop
      vertex -1.1480502970952693 4.860692681572847 -2.77163859753386
      vertex -1.4514233862723116 4.784701678661044 -10
      vertex -0.9754516100806412 4.903926402016152 -2.833395395239069
    endloop
  endfacet
  facet normal 0.1467304744553621 -0.9891765099647809 0
    outer loop
      vertex -0.9754516100806412 4.903926402016152 -2.833395395239069
      vertex -0.9754516100806412 4.903926402016152 -10
      vertex -0.870854031763387 4.919441987089962 -2.8708210071966267
    endloop
  endfacet
  facet normal 0.14673047445536397 -0.9891765099647807 -2.813090761416885e-17
    outer loop
      vertex -0.870854031763387 4.919441987089962 -2.8708210071966267
      vertex -0.9754516100806412 4.903926402016152 -10
      vertex -0.5852709660483848 4.961804233167026 -2.9423558412096913
    endloop
  endfacet
  facet normal 0.14673047445536025 -0.9891765099647812 1.8368156510351746e-16
    outer loop
      vertex -0.5852709660483848 4.961804233167026 -2.9423558412096913
      vertex -0.9754516100806412 4.903926402016152 -10
      vertex -0.490085701647803 4.975923633360985 -2.95647524140365
    endloop
  endfacet
  facet normal 0.04906767432741533 -0.9987954562051724 0
    outer loop
      vertex -0.490085701647803 4.975923633360985 -2.95647524140365
      vertex -0.490085701647803 4.975923633360985 -10
      vertex -0.2940514209886818 4.985554180016591 -2.9855541800165906
    endloop
  endfacet
  facet normal 0.049067674327418334 -0.9987954562051724 -8.43063657842667e-17
    outer loop
      vertex -0.2940514209886818 4.985554180016591 -2.9855541800165906
      vertex -0.490085701647803 4.975923633360985 -10
      vertex 0 5 -3
    endloop
  endfacet
  facet normal 0.9987954562051724 -0.049067674327417134 0
    outer loop
      vertex -4.975923633360985 0.490085701647803 10
      vertex -5 0 -10
      vertex -4.975923633360985 0.490085701647803 -10
    endloop
  endfacet
  facet normal 0.9891765099647808 -0.14673047445536283 0
    outer loop
      vertex -4.903926402016152 0.9754516100806412 10
      vertex -4.975923633360985 0.490085701647803 -10
      vertex -4.903926402016152 0.9754516100806412 -10
    endloop
  endfacet
  facet normal 0.9700312531945439 -0.2429801799032646 0
    outer loop
      vertex -4.784701678661044 1.4514233862723116 10
      vertex -4.903926402016152 0.9754516100806412 -10
      vertex -4.784701678661044 1.4514233862723116 -10
    endloop
  endfacet
  facet normal 0.9415440651830213 -0.33688985339221883 0
    outer loop
      vertex -4.619397662556434 1.913417161825449 10
      vertex -4.784701678661044 1.4514233862723116 -10
      vertex -4.619397662556434 1.913417161825449 -10
    endloop
  endfacet
  facet normal 0.9039892931234436 -0.4275550934302817 0
    outer loop
      vertex -4.409606321741776 2.3569836841299883 10
      vertex -4.619397662556434 1.913417161825449 -10
      vertex -4.409606321741776 2.3569836841299883 -10
    endloop
  endfacet
  facet normal 0.8577286100002717 -0.5141027441932224 0
    outer loop
      vertex -4.157348061512726 2.777851165098011 10
      vertex -4.409606321741776 2.3569836841299883 -10
      vertex -4.157348061512726 2.777851165098011 -10
    endloop
  endfacet
  facet normal 0.803207531480645 -0.595699304492433 0
    outer loop
      vertex -3.865052266813685 3.1719664208182277 10
      vertex -4.157348061512726 2.777851165098011 -10
      vertex -3.865052266813685 3.1719664208182277 -10
    endloop
  endfacet
  facet normal 0.7409511253549591 -0.6715589548470183 0
    outer loop
      vertex -3.5355339059327378 3.5355339059327378 10
      vertex -3.865052266813685 3.1719664208182277 -10
      vertex -3.5355339059327378 3.5355339059327378 -10
    endloop
  endfacet
  facet normal 0.5141027441932229 -0.8577286100002713 -3.975330469017356e-17
    outer loop
      vertex -2.3569836841299883 4.409606321741776 -1.8520070673665303
      vertex -2.4944088369076356 4.327236855059139 -1.6667106990588065
      vertex -2.777851165098011 4.157348061512726 -10
    endloop
  endfacet
  facet normal 0.5956993044924336 -0.8032075314806447 -5.278857077584387e-17
    outer loop
      vertex -2.8708210071966267 4.088396927333463 -0.870854031763387
      vertex -2.9423558412096913 4.035343078610194 -0.5852709660483848
      vertex -3.1719664208182277 3.865052266813685 -10
    endloop
  endfacet
  facet normal 0.5956993044924341 -0.8032075314806442 -8.116710957349425e-17
    outer loop
      vertex -2.8708210071966267 4.088396927333463 -0.870854031763387
      vertex -3.1719664208182277 3.865052266813685 -10
      vertex -2.777851165098011 4.157348061512726 -1.1306873339170205
    endloop
  endfacet
  facet normal 0.5141027441932204 -0.8577286100002729 0
    outer loop
      vertex -2.777851165098011 4.157348061512726 -1.1306873339170205
      vertex -2.777851165098011 4.157348061512726 -10
      vertex -2.77163859753386 4.161071731209619 -1.1480502970952693
    endloop
  endfacet
  facet normal 0.5141027441932219 -0.857728610000272 -1.333393812900987e-18
    outer loop
      vertex -2.6457637930450653 4.236518185551924 -1.4141902104779929
      vertex -2.77163859753386 4.161071731209619 -1.1480502970952693
      vertex -2.777851165098011 4.157348061512726 -10
    endloop
  endfacet
  facet normal 0.5141027441932224 -0.8577286100002716 -1.5628733051567984e-17
    outer loop
      vertex -2.6457637930450653 4.236518185551924 -1.4141902104779929
      vertex -2.777851165098011 4.157348061512726 -10
      vertex -2.4944088369076356 4.327236855059139 -1.6667106990588065
    endloop
  endfacet
  facet normal 0.6715589548470183 -0.7409511253549591 0
    outer loop
      vertex -3.1719664208182277 3.865052266813685 -10
      vertex -3.1719664208182277 3.865052266813685 10
      vertex -3.5355339059327378 3.5355339059327378 -10
    endloop
  endfacet
  facet normal 0.5956993044924328 -0.8032075314806455 -1.618223875366565e-17
    outer loop
      vertex -2.9855541800165906 4.003305007036013 -0.2940514209886818
      vertex -3.1719664208182277 3.865052266813685 -10
      vertex -2.9423558412096913 4.035343078610194 -0.5852709660483848
    endloop
  endfacet
  facet normal 0.5956993044924226 -0.8032075314806529 2.839909465521843e-16
    outer loop
      vertex -2.9855541800165906 4.003305007036013 -0.2940514209886818
      vertex -3 3.99259125675397 0
      vertex -3.1719664208182277 3.865052266813685 -10
    endloop
  endfacet
  facet normal 0.42755509343028664 -0.903989293123441 0
    outer loop
      vertex -2.3569836841299883 4.409606321741776 -1.8520070673665303
      vertex -2.3569836841299883 4.409606321741776 -10
      vertex -2.319031360088211 4.42755643417675 -1.9031798524909365
    endloop
  endfacet
  facet normal 0.4275550934302819 -0.9039892931234433 2.7044000566003073e-17
    outer loop
      vertex -2.319031360088211 4.42755643417675 -1.9031798524909365
      vertex -2.3569836841299883 4.409606321741776 -10
      vertex -2.121320343559643 4.521066780800429 -2.121320343559643
    endloop
  endfacet
  facet normal 0.4275550934302806 -0.9039892931234441 7.829629222628075e-17
    outer loop
      vertex -2.121320343559643 4.521066780800429 -2.121320343559643
      vertex -2.3569836841299883 4.409606321741776 -10
      vertex -1.913417161825449 4.619397662556434 -2.3097528037545025
    endloop
  endfacet
  facet normal 0.33688985339223765 -0.9415440651830146 0
    outer loop
      vertex -1.913417161825449 4.619397662556434 -2.3097528037545025
      vertex -1.913417161825449 4.619397662556434 -10
      vertex -1.9031798524909365 4.623060630407189 -2.319031360088211
    endloop
  endfacet
  facet normal 0.33688985339221855 -0.9415440651830214 2.8747581587461645e-17
    outer loop
      vertex -1.9031798524909365 4.623060630407189 -2.319031360088211
      vertex -1.913417161825449 4.619397662556434 -10
      vertex -1.6667106990588065 4.707670646419607 -2.4944088369076356
    endloop
  endfacet
  facet normal 0.9987954562051724 -0.049067674327417134 0
    outer loop
      vertex -4.975923633360985 0.490085701647803 10
      vertex -5 0 10
      vertex -5 0 -10
    endloop
  endfacet
  facet normal 0.9891765099647808 -0.14673047445536283 0
    outer loop
      vertex -4.903926402016152 0.9754516100806412 10
      vertex -4.975923633360985 0.490085701647803 10
      vertex -4.975923633360985 0.490085701647803 -10
    endloop
  endfacet
  facet normal 0.9700312531945439 -0.2429801799032646 0
    outer loop
      vertex -4.784701678661044 1.4514233862723116 10
      vertex -4.903926402016152 0.9754516100806412 10
      vertex -4.903926402016152 0.9754516100806412 -10
    endloop
  endfacet
  facet normal 0.9415440651830213 -0.33688985339221883 0
    outer loop
      vertex -4.619397662556434 1.913417161825449 10
      vertex -4.784701678661044 1.4514233862723116 10
      vertex -4.784701678661044 1.4514233862723116 -10
    endloop
  endfacet
  facet normal 0.9039892931234436 -0.4275550934302817 0
    outer loop
      vertex -4.409606321741776 2.3569836841299883 10
      vertex -4.619397662556434 1.913417161825449 10
      vertex -4.619397662556434 1.913417161825449 -10
    endloop
  endfacet
  facet normal 0.8577286100002717 -0.5141027441932224 0
    outer loop
      vertex -4.157348061512726 2.777851165098011 10
      vertex -4.409606321741776 2.3569836841299883 10
      vertex -4.409606321741776 2.3569836841299883 -10
    endloop
  endfacet
  facet normal 0.5956993044924332 -0.803207531480645 0
    outer loop
      vertex -3 3.99259125675397 0
      vertex -3.1719664208182277 3.865052266813685 10
      vertex -3.1719664208182277 3.865052266813685 -10
    endloop
  endfacet
  facet normal 0.803207531480645 -0.595699304492433 0
    outer loop
      vertex -3.865052266813685 3.1719664208182277 10
      vertex -4.157348061512726 2.777851165098011 10
      vertex -4.157348061512726 2.777851165098011 -10
    endloop
  endfacet
  facet normal 0.7409511253549591 -0.6715589548470183 0
    outer loop
      vertex -3.5355339059327378 3.5355339059327378 10
      vertex -3.865052266813685 3.1719664208182277 10
      vertex -3.865052266813685 3.1719664208182277 -10
    endloop
  endfacet
  facet normal 0.6715589548470183 -0.7409511253549591 0
    outer loop
      vertex -3.5355339059327378 3.5355339059327378 -10
      vertex -3.1719664208182277 3.865052266813685 10
      vertex -3.5355339059327378 3.5355339059327378 10
    endloop
  endfacet
  facet normal 0.5956993044924073 -0.8032075314806643 8.803580096188392e-16
    outer loop
      vertex -3 3.99259125675397 0
      vertex -2.9855541800165906 4.003305007036013 0.2940514209886818
      vertex -2.777851165098011 4.157348061512726 10
    endloop
  endfacet
  facet normal 0.5956993044924326 -0.8032075314806455 4.271751016041093e-17
    outer loop
      vertex -2.9855541800165906 4.003305007036013 0.2940514209886818
      vertex -2.9423558412096913 4.035343078610194 0.5852709660483848
      vertex -2.777851165098011 4.157348061512726 10
    endloop
  endfacet
  facet normal 0.5956993044924337 -0.8032075314806445 8.896025572234955e-18
    outer loop
      vertex -2.9423558412096913 4.035343078610194 0.5852709660483848
      vertex -2.8708210071966267 4.088396927333463 0.870854031763387
      vertex -2.777851165098011 4.157348061512726 10
    endloop
  endfacet
  facet normal 0.5956993044924344 -0.803207531480644 0
    outer loop
      vertex -2.8708210071966267 4.088396927333463 0.870854031763387
      vertex -2.777851165098011 4.157348061512726 1.1306873339170205
      vertex -2.777851165098011 4.157348061512726 10
    endloop
  endfacet
  facet normal 0.5141027441932204 -0.8577286100002729 0
    outer loop
      vertex -2.777851165098011 4.157348061512726 1.1306873339170205
      vertex -2.77163859753386 4.161071731209619 1.1480502970952693
      vertex -2.777851165098011 4.157348061512726 10
    endloop
  endfacet
  facet normal 0.5141027441932217 -0.8577286100002721 4.742941879159332e-17
    outer loop
      vertex -2.77163859753386 4.161071731209619 1.1480502970952693
      vertex -2.6457637930450653 4.236518185551924 1.4141902104779929
      vertex -2.3569836841299883 4.409606321741776 10
    endloop
  endfacet
  facet normal 0.5141027441932225 -0.8577286100002715 1.2130636127837389e-17
    outer loop
      vertex -2.6457637930450653 4.236518185551924 1.4141902104779929
      vertex -2.4944088369076356 4.327236855059139 1.6667106990588065
      vertex -2.3569836841299883 4.409606321741776 10
    endloop
  endfacet
  facet normal 0.5141027441932231 -0.8577286100002712 0
    outer loop
      vertex -2.4944088369076356 4.327236855059139 1.6667106990588065
      vertex -2.3569836841299883 4.409606321741776 1.8520070673665303
      vertex -2.3569836841299883 4.409606321741776 10
    endloop
  endfacet
  facet normal 0.42755509343028664 -0.903989293123441 0
    outer loop
      vertex -2.3569836841299883 4.409606321741776 1.8520070673665303
      vertex -2.319031360088211 4.42755643417675 1.9031798524909365
      vertex -2.3569836841299883 4.409606321741776 10
    endloop
  endfacet
  facet normal 0.427555093430282 -0.9039892931234434 -4.562406796446713e-17
    outer loop
      vertex -2.319031360088211 4.42755643417675 1.9031798524909365
      vertex -2.121320343559643 4.521066780800429 2.121320343559643
      vertex -1.913417161825449 4.619397662556434 10
    endloop
  endfacet
  facet normal 0.42755509343028053 -0.9039892931234441 0
    outer loop
      vertex -2.121320343559643 4.521066780800429 2.121320343559643
      vertex -1.913417161825449 4.619397662556434 2.3097528037545025
      vertex -1.913417161825449 4.619397662556434 10
    endloop
  endfacet
  facet normal 0.33688985339223765 -0.9415440651830146 0
    outer loop
      vertex -1.913417161825449 4.619397662556434 2.3097528037545025
      vertex -1.9031798524909365 4.623060630407189 2.319031360088211
      vertex -1.913417161825449 4.619397662556434 10
    endloop
  endfacet
  facet normal 0.33688985339221855 -0.9415440651830214 -7.522115754435553e-18
    outer loop
      vertex -1.9031798524909365 4.623060630407189 2.319031360088211
      vertex -1.6667106990588065 4.707670646419607 2.4944088369076356
      vertex -1.4514233862723116 4.784701678661044 10
    endloop
  endfacet
  facet normal 0.595699304492433 -0.803207531480645 -6.363664672432742e-18
    outer loop
      vertex -3 3.99259125675397 0
      vertex -2.777851165098011 4.157348061512726 10
      vertex -3.1719664208182277 3.865052266813685 10
    endloop
  endfacet
  facet normal 0.5141027441932224 -0.8577286100002717 1.9470202309045867e-18
    outer loop
      vertex -2.77163859753386 4.161071731209619 1.1480502970952693
      vertex -2.3569836841299883 4.409606321741776 10
      vertex -2.777851165098011 4.157348061512726 10
    endloop
  endfacet
  facet normal 0.33688985339221833 -0.9415440651830214 0
    outer loop
      vertex -1.6667106990588065 4.707670646419607 2.4944088369076356
      vertex -1.4514233862723116 4.784701678661044 2.6234470863062263
      vertex -1.4514233862723116 4.784701678661044 10
    endloop
  endfacet
  facet normal 0.242980179903259 -0.9700312531945452 0
    outer loop
      vertex -1.4514233862723116 4.784701678661044 2.6234470863062263
      vertex -1.4141902104779929 4.794028103684031 2.6457637930450653
      vertex -1.4514233862723116 4.784701678661044 10
    endloop
  endfacet
  facet normal 0.4275550934302817 -0.9039892931234436 -2.881802572758369e-17
    outer loop
      vertex -2.319031360088211 4.42755643417675 1.9031798524909365
      vertex -1.913417161825449 4.619397662556434 10
      vertex -2.3569836841299883 4.409606321741776 10
    endloop
  endfacet
  facet normal 0.33688985339221883 -0.9415440651830213 -2.8307003951515826e-17
    outer loop
      vertex -1.9031798524909365 4.623060630407189 2.319031360088211
      vertex -1.4514233862723116 4.784701678661044 10
      vertex -1.913417161825449 4.619397662556434 10
    endloop
  endfacet
  facet normal 0.24298017990326537 -0.9700312531945436 -1.9463519767488934e-17
    outer loop
      vertex -1.4141902104779929 4.794028103684031 2.6457637930450653
      vertex -1.1480502970952693 4.860692681572847 2.77163859753386
      vertex -0.9754516100806412 4.903926402016152 10
    endloop
  endfacet
  facet normal 0.24298017990326456 -0.9700312531945439 0
    outer loop
      vertex -1.1480502970952693 4.860692681572847 2.77163859753386
      vertex -0.9754516100806412 4.903926402016152 2.833395395239069
      vertex -0.9754516100806412 4.903926402016152 10
    endloop
  endfacet
  facet normal 0.1467304744553621 -0.9891765099647809 0
    outer loop
      vertex -0.9754516100806412 4.903926402016152 2.833395395239069
      vertex -0.870854031763387 4.919441987089962 2.8708210071966267
      vertex -0.9754516100806412 4.903926402016152 10
    endloop
  endfacet
  facet normal 0.146730474455364 -0.9891765099647807 -5.1254587418475583e-17
    outer loop
      vertex -0.870854031763387 4.919441987089962 2.8708210071966267
      vertex -0.5852709660483848 4.961804233167026 2.9423558412096913
      vertex -0.490085701647803 4.975923633360985 10
    endloop
  endfacet
  facet normal 0.14673047445536022 -0.9891765099647811 0
    outer loop
      vertex -0.5852709660483848 4.961804233167026 2.9423558412096913
      vertex -0.490085701647803 4.975923633360985 2.95647524140365
      vertex -0.490085701647803 4.975923633360985 10
    endloop
  endfacet
  facet normal 0.04906767432741533 -0.9987954562051724 0
    outer loop
      vertex -0.490085701647803 4.975923633360985 2.95647524140365
      vertex -0.2940514209886818 4.985554180016591 2.9855541800165906
      vertex -0.490085701647803 4.975923633360985 10
    endloop
  endfacet
  facet normal 0.049067674327418334 -0.9987954562051724 0
    outer loop
      vertex -0.2940514209886818 4.985554180016591 2.9855541800165906
      vertex 0 5 3
      vertex 0 5 10
    endloop
  endfacet
  facet normal 0.24298017990326456 -0.9700312531945439 2.9804984243692335e-17
    outer loop
      vertex -1.4141902104779929 4.794028103684031 2.6457637930450653
      vertex -0.9754516100806412 4.903926402016152 10
      vertex -1.4514233862723116 4.784701678661044 10
    endloop
  endfacet
  facet normal 0.14673047445536283 -0.9891765099647808 1.1157779666593828e-17
    outer loop
      vertex -0.870854031763387 4.919441987089962 2.8708210071966267
      vertex -0.490085701647803 4.975923633360985 10
      vertex -0.9754516100806412 4.903926402016152 10
    endloop
  endfacet
  facet normal 0.04906767432741712 -0.9987954562051724 5.065326898174479e-17
    outer loop
      vertex -0.2940514209886818 4.985554180016591 2.9855541800165906
      vertex 0 5 10
      vertex -0.490085701647803 4.975923633360985 10
    endloop
  endfacet
  facet normal -0.049067674327417134 0.9987954562051725 0
    outer loop
      vertex 0 -5 -3
      vertex 0.490085701647803 -4.975923633360985 -10
      vertex 0 -5 -10
    endloop
  endfacet
  facet normal -0.14673047445536286 0.9891765099647808 0
    outer loop
      vertex 0.490085701647803 -4.975923633360985 -2.95647524140365
      vertex 0.9754516100806412 -4.903926402016152 -10
      vertex 0.490085701647803 -4.975923633360985 -10
    endloop
  endfacet
  facet normal -0.2429801799032646 0.9700312531945439 0
    outer loop
      vertex 0.9754516100806412 -4.903926402016152 -2.833395395239069
      vertex 1.4514233862723116 -4.784701678661044 -10
      vertex 0.9754516100806412 -4.903926402016152 -10
    endloop
  endfacet
  facet normal -0.3368898533922188 0.9415440651830213 0
    outer loop
      vertex 1.4514233862723116 -4.784701678661044 -2.6234470863062263
      vertex 1.913417161825449 -4.619397662556434 -10
      vertex 1.4514233862723116 -4.784701678661044 -10
    endloop
  endfacet
  facet normal -0.04906767432741833 0.9987954562051724 -8.388693112862356e-17
    outer loop
      vertex 0 -5 -3
      vertex 0.2940514209886818 -4.985554180016591 -2.9855541800165906
      vertex 0.490085701647803 -4.975923633360985 -10
    endloop
  endfacet
  facet normal -0.04906767432741533 0.9987954562051724 0
    outer loop
      vertex 0.2940514209886818 -4.985554180016591 -2.9855541800165906
      vertex 0.490085701647803 -4.975923633360985 -2.95647524140365
      vertex 0.490085701647803 -4.975923633360985 -10
    endloop
  endfacet
  facet normal -0.14673047445536025 0.9891765099647812 1.8368156510351746e-16
    outer loop
      vertex 0.490085701647803 -4.975923633360985 -2.95647524140365
      vertex 0.5852709660483848 -4.961804233167026 -2.9423558412096913
      vertex 0.9754516100806412 -4.903926402016152 -10
    endloop
  endfacet
  facet normal -0.14673047445536397 0.9891765099647807 -2.855077190691764e-17
    outer loop
      vertex 0.5852709660483848 -4.961804233167026 -2.9423558412096913
      vertex 0.870854031763387 -4.919441987089962 -2.8708210071966267
      vertex 0.9754516100806412 -4.903926402016152 -10
    endloop
  endfacet
  facet normal -0.1467304744553621 0.9891765099647809 0
    outer loop
      vertex 0.870854031763387 -4.919441987089962 -2.8708210071966267
      vertex 0.9754516100806412 -4.903926402016152 -2.833395395239069
      vertex 0.9754516100806412 -4.903926402016152 -10
    endloop
  endfacet
  facet normal -0.2429801799032646 0.9700312531945439 0
    outer loop
      vertex 0.9754516100806412 -4.903926402016152 -2.833395395239069
      vertex 1.1480502970952693 -4.860692681572847 -2.77163859753386
      vertex 1.4514233862723116 -4.784701678661044 -10
    endloop
  endfacet
  facet normal -0.4275550934302817 0.9039892931234434 0
    outer loop
      vertex 1.913417161825449 -4.619397662556434 -2.3097528037545025
      vertex 2.3569836841299883 -4.409606321741776 -10
      vertex 1.913417161825449 -4.619397662556434 -10
    endloop
  endfacet
  facet normal -0.5141027441932224 0.8577286100002717 0
    outer loop
      vertex 2.3569836841299883 -4.409606321741776 -1.8520070673665303
      vertex 2.777851165098011 -4.157348061512726 -10
      vertex 2.3569836841299883 -4.409606321741776 -10
    endloop
  endfacet
  facet normal -0.24298017990326534 0.9700312531945436 -3.4307549427977723e-17
    outer loop
      vertex 1.1480502970952693 -4.860692681572847 -2.77163859753386
      vertex 1.4141902104779929 -4.794028103684031 -2.6457637930450653
      vertex 1.4514233862723116 -4.784701678661044 -10
    endloop
  endfacet
  facet normal -0.242980179903259 0.9700312531945452 0
    outer loop
      vertex 1.4141902104779929 -4.794028103684031 -2.6457637930450653
      vertex 1.4514233862723116 -4.784701678661044 -2.6234470863062263
      vertex 1.4514233862723116 -4.784701678661044 -10
    endloop
  endfacet
  facet normal -0.3368898533922183 0.9415440651830215 3.568593481782881e-17
    outer loop
      vertex 1.4514233862723116 -4.784701678661044 -2.6234470863062263
      vertex 1.6667106990588065 -4.707670646419607 -2.4944088369076356
      vertex 1.913417161825449 -4.619397662556434 -10
    endloop
  endfacet
  facet normal -0.5956993044924331 0.8032075314806453 0
    outer loop
      vertex 2.777851165098011 -4.157348061512726 -1.1306873339170205
      vertex 3.1719664208182277 -3.865052266813685 -10
      vertex 2.777851165098011 -4.157348061512726 -10
    endloop
  endfacet
  facet normal -0.3368898533922185 0.9415440651830214 2.874758158746165e-17
    outer loop
      vertex 1.6667106990588065 -4.707670646419607 -2.4944088369076356
      vertex 1.9031798524909365 -4.623060630407189 -2.319031360088211
      vertex 1.913417161825449 -4.619397662556434 -10
    endloop
  endfacet
  facet normal -0.3368898533922376 0.9415440651830144 0
    outer loop
      vertex 1.9031798524909365 -4.623060630407189 -2.319031360088211
      vertex 1.913417161825449 -4.619397662556434 -2.3097528037545025
      vertex 1.913417161825449 -4.619397662556434 -10
    endloop
  endfacet
  facet normal -0.4275550934302806 0.9039892931234441 7.829629222628075e-17
    outer loop
      vertex 1.913417161825449 -4.619397662556434 -2.3097528037545025
      vertex 2.121320343559643 -4.521066780800429 -2.121320343559643
      vertex 2.3569836841299883 -4.409606321741776 -10
    endloop
  endfacet
  facet normal -0.427555093430282 0.9039892931234433 2.728764021074184e-17
    outer loop
      vertex 2.121320343559643 -4.521066780800429 -2.121320343559643
      vertex 2.319031360088211 -4.42755643417675 -1.9031798524909365
      vertex 2.3569836841299883 -4.409606321741776 -10
    endloop
  endfacet
  facet normal -0.42755509343028675 0.9039892931234412 0
    outer loop
      vertex 2.319031360088211 -4.42755643417675 -1.9031798524909365
      vertex 2.3569836841299883 -4.409606321741776 -1.8520070673665303
      vertex 2.3569836841299883 -4.409606321741776 -10
    endloop
  endfacet
  facet normal -0.5141027441932229 0.8577286100002713 -3.975330469017356e-17
    outer loop
      vertex 2.3569836841299883 -4.409606321741776 -1.8520070673665303
      vertex 2.4944088369076356 -4.327236855059139 -1.6667106990588065
      vertex 2.777851165098011 -4.157348061512726 -10
    endloop
  endfacet
  facet normal -0.5141027441932224 0.8577286100002716 -1.5628733051567984e-17
    outer loop
      vertex 2.4944088369076356 -4.327236855059139 -1.6667106990588065
      vertex 2.6457637930450653 -4.236518185551924 -1.4141902104779929
      vertex 2.777851165098011 -4.157348061512726 -10
    endloop
  endfacet
  facet normal -0.5141027441932219 0.857728610000272 -1.333393812900987e-18
    outer loop
      vertex 2.6457637930450653 -4.236518185551924 -1.4141902104779929
      vertex 2.77163859753386 -4.161071731209619 -1.1480502970952693
      vertex 2.777851165098011 -4.157348061512726 -10
    endloop
  endfacet
  facet normal -0.5141027441932204 0.8577286100002728 0
    outer loop
      vertex 2.77163859753386 -4.161071731209619 -1.1480502970952693
      vertex 2.777851165098011 -4.157348061512726 -1.1306873339170205
      vertex 2.777851165098011 -4.157348061512726 -10
    endloop
  endfacet
  facet normal -0.5956993044924342 0.8032075314806443 -8.116710957349426e-17
    outer loop
      vertex 2.777851165098011 -4.157348061512726 -1.1306873339170205
      vertex 2.8708210071966267 -4.088396927333463 -0.870854031763387
      vertex 3.1719664208182277 -3.865052266813685 -10
    endloop
  endfacet
  facet normal -0.5956993044924336 0.8032075314806447 -5.278857077584387e-17
    outer loop
      vertex 2.8708210071966267 -4.088396927333463 -0.870854031763387
      vertex 2.9423558412096913 -4.035343078610194 -0.5852709660483848
      vertex 3.1719664208182277 -3.865052266813685 -10
    endloop
  endfacet
  facet normal -0.5956993044924328 0.8032075314806455 -1.6182238753665648e-17
    outer loop
      vertex 2.9423558412096913 -4.035343078610194 -0.5852709660483848
      vertex 2.9855541800165906 -4.003305007036013 -0.2940514209886818
      vertex 3.1719664208182277 -3.865052266813685 -10
    endloop
  endfacet
  facet normal -0.5956993044924226 0.8032075314806529 2.839909465521843e-16
    outer loop
      vertex 2.9855541800165906 -4.003305007036013 -0.2940514209886818
      vertex 3 -3.99259125675397 0
      vertex 3.1719664208182277 -3.865052266813685 -10
    endloop
  endfacet
  facet normal -0.6715589548470183 0.7409511253549591 0
    outer loop
      vertex 3.1719664208182277 -3.865052266813685 10
      vertex 3.5355339059327378 -3.5355339059327378 -10
      vertex 3.1719664208182277 -3.865052266813685 -10
    endloop
  endfacet
  facet normal -0.7409511253549591 0.6715589548470183 0
    outer loop
      vertex 3.5355339059327378 -3.5355339059327378 -10
      vertex 3.5355339059327378 -3.5355339059327378 10
      vertex 3.865052266813685 -3.1719664208182277 -10
    endloop
  endfacet
  facet normal -0.803207531480645 0.595699304492433 0
    outer loop
      vertex 4.157348061512726 -2.777851165098011 -10
      vertex 3.865052266813685 -3.1719664208182277 -10
      vertex 3.865052266813685 -3.1719664208182277 10
    endloop
  endfacet
  facet normal -0.8577286100002717 0.5141027441932224 0
    outer loop
      vertex 4.409606321741776 -2.3569836841299883 -10
      vertex 4.157348061512726 -2.777851165098011 -10
      vertex 4.157348061512726 -2.777851165098011 10
    endloop
  endfacet
  facet normal -0.9039892931234436 0.4275550934302817 0
    outer loop
      vertex 4.619397662556434 -1.913417161825449 -10
      vertex 4.409606321741776 -2.3569836841299883 -10
      vertex 4.409606321741776 -2.3569836841299883 10
    endloop
  endfacet
  facet normal -0.9415440651830213 0.33688985339221883 0
    outer loop
      vertex 4.784701678661044 -1.4514233862723116 -10
      vertex 4.619397662556434 -1.913417161825449 -10
      vertex 4.619397662556434 -1.913417161825449 10
    endloop
  endfacet
  facet normal -0.9700312531945439 0.2429801799032646 0
    outer loop
      vertex 4.903926402016152 -0.9754516100806412 -10
      vertex 4.784701678661044 -1.4514233862723116 -10
      vertex 4.784701678661044 -1.4514233862723116 10
    endloop
  endfacet
  facet normal -0.9891765099647808 0.14673047445536283 0
    outer loop
      vertex 4.975923633360985 -0.490085701647803 -10
      vertex 4.903926402016152 -0.9754516100806412 -10
      vertex 4.903926402016152 -0.9754516100806412 10
    endloop
  endfacet
  facet normal -0.9987954562051724 0.049067674327417134 0
    outer loop
      vertex 4.975923633360985 -0.490085701647803 -10
      vertex 4.975923633360985 -0.490085701647803 10
      vertex 5 0 -10
    endloop
  endfacet
  facet normal -0.33688985339221855 0.9415440651830214 -7.522115754435553e-18
    outer loop
      vertex 1.6667106990588065 -4.707670646419607 2.4944088369076356
      vertex 1.4514233862723116 -4.784701678661044 10
      vertex 1.9031798524909365 -4.623060630407189 2.319031360088211
    endloop
  endfacet
  facet normal -0.427555093430282 0.9039892931234433 -4.977171050669141e-17
    outer loop
      vertex 2.121320343559643 -4.521066780800429 2.121320343559643
      vertex 1.913417161825449 -4.619397662556434 10
      vertex 2.319031360088211 -4.42755643417675 1.9031798524909365
    endloop
  endfacet
  facet normal -0.42755509343028053 0.9039892931234441 0
    outer loop
      vertex 1.913417161825449 -4.619397662556434 2.3097528037545025
      vertex 1.913417161825449 -4.619397662556434 10
      vertex 2.121320343559643 -4.521066780800429 2.121320343559643
    endloop
  endfacet
  facet normal -0.3368898533922376 0.9415440651830144 0
    outer loop
      vertex 1.9031798524909365 -4.623060630407189 2.319031360088211
      vertex 1.913417161825449 -4.619397662556434 10
      vertex 1.913417161825449 -4.619397662556434 2.3097528037545025
    endloop
  endfacet
  facet normal -0.5141027441932231 0.8577286100002712 0
    outer loop
      vertex 2.4944088369076356 -4.327236855059139 1.6667106990588065
      vertex 2.3569836841299883 -4.409606321741776 1.8520070673665303
      vertex 2.3569836841299883 -4.409606321741776 10
    endloop
  endfacet
  facet normal -0.42755509343028675 0.9039892931234412 0
    outer loop
      vertex 2.319031360088211 -4.42755643417675 1.9031798524909365
      vertex 2.3569836841299883 -4.409606321741776 10
      vertex 2.3569836841299883 -4.409606321741776 1.8520070673665303
    endloop
  endfacet
  facet normal -0.5141027441932225 0.8577286100002716 1.0917572515053649e-17
    outer loop
      vertex 2.4944088369076356 -4.327236855059139 1.6667106990588065
      vertex 2.3569836841299883 -4.409606321741776 10
      vertex 2.6457637930450653 -4.236518185551924 1.4141902104779929
    endloop
  endfacet
  facet normal -0.5956993044924332 0.803207531480645 0
    outer loop
      vertex 3 -3.99259125675397 0
      vertex 3.1719664208182277 -3.865052266813685 10
      vertex 3.1719664208182277 -3.865052266813685 -10
    endloop
  endfacet
  facet normal -0.5956993044924326 0.8032075314806456 4.2717510160410926e-17
    outer loop
      vertex 2.9423558412096913 -4.035343078610194 0.5852709660483848
      vertex 2.777851165098011 -4.157348061512726 10
      vertex 2.9855541800165906 -4.003305007036013 0.2940514209886818
    endloop
  endfacet
  facet normal -0.5956993044924073 0.8032075314806643 8.803580096188392e-16
    outer loop
      vertex 3 -3.99259125675397 0
      vertex 2.9855541800165906 -4.003305007036013 0.2940514209886818
      vertex 2.777851165098011 -4.157348061512726 10
    endloop
  endfacet
  facet normal -0.5956993044924344 0.8032075314806442 0
    outer loop
      vertex 2.777851165098011 -4.157348061512726 1.1306873339170205
      vertex 2.777851165098011 -4.157348061512726 10
      vertex 2.8708210071966267 -4.088396927333463 0.870854031763387
    endloop
  endfacet
  facet normal -0.5141027441932217 0.8577286100002721 4.742941879159332e-17
    outer loop
      vertex 2.77163859753386 -4.161071731209619 1.1480502970952693
      vertex 2.6457637930450653 -4.236518185551924 1.4141902104779929
      vertex 2.3569836841299883 -4.409606321741776 10
    endloop
  endfacet
  facet normal -0.5141027441932204 0.8577286100002728 0
    outer loop
      vertex 2.77163859753386 -4.161071731209619 1.1480502970952693
      vertex 2.777851165098011 -4.157348061512726 10
      vertex 2.777851165098011 -4.157348061512726 1.1306873339170205
    endloop
  endfacet
  facet normal -0.5956993044924337 0.8032075314806445 8.896025572234955e-18
    outer loop
      vertex 2.9423558412096913 -4.035343078610194 0.5852709660483848
      vertex 2.8708210071966267 -4.088396927333463 0.870854031763387
      vertex 2.777851165098011 -4.157348061512726 10
    endloop
  endfacet
  facet normal -0.6715589548470183 0.7409511253549591 0
    outer loop
      vertex 3.5355339059327378 -3.5355339059327378 10
      vertex 3.5355339059327378 -3.5355339059327378 -10
      vertex 3.1719664208182277 -3.865052266813685 10
    endloop
  endfacet
  facet normal -0.7409511253549591 0.6715589548470183 0
    outer loop
      vertex 3.865052266813685 -3.1719664208182277 -10
      vertex 3.5355339059327378 -3.5355339059327378 10
      vertex 3.865052266813685 -3.1719664208182277 10
    endloop
  endfacet
  facet normal -0.803207531480645 0.595699304492433 0
    outer loop
      vertex 4.157348061512726 -2.777851165098011 -10
      vertex 3.865052266813685 -3.1719664208182277 10
      vertex 4.157348061512726 -2.777851165098011 10
    endloop
  endfacet
  facet normal -0.8577286100002717 0.5141027441932224 0
    outer loop
      vertex 4.409606321741776 -2.3569836841299883 -10
      vertex 4.157348061512726 -2.777851165098011 10
      vertex 4.409606321741776 -2.3569836841299883 10
    endloop
  endfacet
  facet normal -0.9039892931234436 0.4275550934302817 0
    outer loop
      vertex 4.619397662556434 -1.913417161825449 -10
      vertex 4.409606321741776 -2.3569836841299883 10
      vertex 4.619397662556434 -1.913417161825449 10
    endloop
  endfacet
  facet normal -0.9415440651830213 0.33688985339221883 0
    outer loop
      vertex 4.784701678661044 -1.4514233862723116 -10
      vertex 4.619397662556434 -1.913417161825449 10
      vertex 4.784701678661044 -1.4514233862723116 10
    endloop
  endfacet
  facet normal -0.9700312531945439 0.2429801799032646 0
    outer loop
      vertex 4.903926402016152 -0.9754516100806412 -10
      vertex 4.784701678661044 -1.4514233862723116 10
      vertex 4.903926402016152 -0.9754516100806412 10
    endloop
  endfacet
  facet normal -0.9891765099647808 0.14673047445536283 0
    outer loop
      vertex 4.975923633360985 -0.490085701647803 -10
      vertex 4.903926402016152 -0.9754516100806412 10
      vertex 4.975923633360985 -0.490085701647803 10
    endloop
  endfacet
  facet normal -0.9987954562051724 0.049067674327417134 0
    outer loop
      vertex 5 0 -10
      vertex 4.975923633360985 -0.490085701647803 10
      vertex 5 0 10
    endloop
  endfacet
  facet normal -0.049067674327418334 0.9987954562051724 0
    outer loop
      vertex 0 -5 3
      vertex 0 -5 10
      vertex 0.2940514209886818 -4.985554180016591 2.9855541800165906
    endloop
  endfacet
  facet normal -0.1467304744553602 0.9891765099647811 0
    outer loop
      vertex 0.490085701647803 -4.975923633360985 2.95647524140365
      vertex 0.490085701647803 -4.975923633360985 10
      vertex 0.5852709660483848 -4.961804233167026 2.9423558412096913
    endloop
  endfacet
  facet normal -0.04906767432741533 0.9987954562051724 0
    outer loop
      vertex 0.2940514209886818 -4.985554180016591 2.9855541800165906
      vertex 0.490085701647803 -4.975923633360985 10
      vertex 0.490085701647803 -4.975923633360985 2.95647524140365
    endloop
  endfacet
  facet normal -0.14673047445536397 0.9891765099647807 -5.253595210393747e-17
    outer loop
      vertex 0.5852709660483848 -4.961804233167026 2.9423558412096913
      vertex 0.490085701647803 -4.975923633360985 10
      vertex 0.870854031763387 -4.919441987089962 2.8708210071966267
    endloop
  endfacet
  facet normal -0.1467304744553621 0.9891765099647809 0
    outer loop
      vertex 0.870854031763387 -4.919441987089962 2.8708210071966267
      vertex 0.9754516100806412 -4.903926402016152 10
      vertex 0.9754516100806412 -4.903926402016152 2.833395395239069
    endloop
  endfacet
  facet normal -0.24298017990326456 0.9700312531945439 0
    outer loop
      vertex 0.9754516100806412 -4.903926402016152 2.833395395239069
      vertex 0.9754516100806412 -4.903926402016152 10
      vertex 1.1480502970952693 -4.860692681572847 2.77163859753386
    endloop
  endfacet
  facet normal -0.24298017990326534 0.9700312531945436 -2.0348225211465702e-17
    outer loop
      vertex 1.1480502970952693 -4.860692681572847 2.77163859753386
      vertex 0.9754516100806412 -4.903926402016152 10
      vertex 1.4141902104779929 -4.794028103684031 2.6457637930450653
    endloop
  endfacet
  facet normal -0.242980179903259 0.9700312531945452 0
    outer loop
      vertex 1.4141902104779929 -4.794028103684031 2.6457637930450653
      vertex 1.4514233862723116 -4.784701678661044 10
      vertex 1.4514233862723116 -4.784701678661044 2.6234470863062263
    endloop
  endfacet
  facet normal -0.3368898533922183 0.9415440651830214 0
    outer loop
      vertex 1.4514233862723116 -4.784701678661044 2.6234470863062263
      vertex 1.4514233862723116 -4.784701678661044 10
      vertex 1.6667106990588065 -4.707670646419607 2.4944088369076356
    endloop
  endfacet
  facet normal -0.33688985339221883 0.9415440651830213 -2.8307003951515826e-17
    outer loop
      vertex 1.9031798524909365 -4.623060630407189 2.319031360088211
      vertex 1.4514233862723116 -4.784701678661044 10
      vertex 1.913417161825449 -4.619397662556434 10
    endloop
  endfacet
  facet normal -0.4275550934302817 0.9039892931234436 -2.881802572758369e-17
    outer loop
      vertex 2.319031360088211 -4.42755643417675 1.9031798524909365
      vertex 1.913417161825449 -4.619397662556434 10
      vertex 2.3569836841299883 -4.409606321741776 10
    endloop
  endfacet
  facet normal -0.04906767432741712 0.9987954562051724 5.065326898174479e-17
    outer loop
      vertex 0.2940514209886818 -4.985554180016591 2.9855541800165906
      vertex 0 -5 10
      vertex 0.490085701647803 -4.975923633360985 10
    endloop
  endfacet
  facet normal -0.14673047445536283 0.9891765099647808 1.1157779666593828e-17
    outer loop
      vertex 0.870854031763387 -4.919441987089962 2.8708210071966267
      vertex 0.490085701647803 -4.975923633360985 10
      vertex 0.9754516100806412 -4.903926402016152 10
    endloop
  endfacet
  facet normal -0.24298017990326456 0.9700312531945439 2.9804984243692335e-17
    outer loop
      vertex 1.4141902104779929 -4.794028103684031 2.6457637930450653
      vertex 0.9754516100806412 -4.903926402016152 10
      vertex 1.4514233862723116 -4.784701678661044 10
    endloop
  endfacet
  facet normal -0.595699304492433 0.803207531480645 -6.363664672432742e-18
    outer loop
      vertex 3 -3.99259125675397 0
      vertex 2.777851165098011 -4.157348061512726 10
      vertex 3.1719664208182277 -3.865052266813685 10
    endloop
  endfacet
  facet normal -0.5141027441932224 0.8577286100002717 1.9470202309045867e-18
    outer loop
      vertex 2.77163859753386 -4.161071731209619 1.1480502970952693
      vertex 2.3569836841299883 -4.409606321741776 10
      vertex 2.777851165098011 -4.157348061512726 10
    endloop
  endfacet
  facet normal -0.04906767432741712 -0.9987954562051724 -5.065326898174479e-17
    outer loop
      vertex 0.2940514209886818 4.985554180016591 -2.9855541800165906
      vertex 0 5 -10
      vertex 0.490085701647803 4.975923633360985 -10
    endloop
  endfacet
  facet normal -0.14673047445536283 -0.9891765099647808 -1.1157779666593828e-17
    outer loop
      vertex 0.870854031763387 4.919441987089962 -2.8708210071966267
      vertex 0.490085701647803 4.975923633360985 -10
      vertex 0.9754516100806412 4.903926402016152 -10
    endloop
  endfacet
  facet normal -0.24298017990326456 -0.9700312531945439 -2.9804984243692335e-17
    outer loop
      vertex 1.4141902104779929 4.794028103684031 -2.6457637930450653
      vertex 0.9754516100806412 4.903926402016152 -10
      vertex 1.4514233862723116 4.784701678661044 -10
    endloop
  endfacet
  facet normal -0.049067674327418334 -0.9987954562051724 0
    outer loop
      vertex 0 5 -3
      vertex 0 5 -10
      vertex 0.2940514209886818 4.985554180016591 -2.9855541800165906
    endloop
  endfacet
  facet normal -0.04906767432741533 -0.9987954562051724 0
    outer loop
      vertex 0.2940514209886818 4.985554180016591 -2.9855541800165906
      vertex 0.490085701647803 4.975923633360985 -10
      vertex 0.490085701647803 4.975923633360985 -2.95647524140365
    endloop
  endfacet
  facet normal -0.1467304744553602 -0.9891765099647811 0
    outer loop
      vertex 0.490085701647803 4.975923633360985 -2.95647524140365
      vertex 0.490085701647803 4.975923633360985 -10
      vertex 0.5852709660483848 4.961804233167026 -2.9423558412096913
    endloop
  endfacet
  facet normal -0.14673047445536397 -0.9891765099647807 5.253595210393747e-17
    outer loop
      vertex 0.5852709660483848 4.961804233167026 -2.9423558412096913
      vertex 0.490085701647803 4.975923633360985 -10
      vertex 0.870854031763387 4.919441987089962 -2.8708210071966267
    endloop
  endfacet
  facet normal -0.1467304744553621 -0.9891765099647809 0
    outer loop
      vertex 0.870854031763387 4.919441987089962 -2.8708210071966267
      vertex 0.9754516100806412 4.903926402016152 -10
      vertex 0.9754516100806412 4.903926402016152 -2.833395395239069
    endloop
  endfacet
  facet normal -0.24298017990326456 -0.9700312531945439 0
    outer loop
      vertex 0.9754516100806412 4.903926402016152 -2.833395395239069
      vertex 0.9754516100806412 4.903926402016152 -10
      vertex 1.1480502970952693 4.860692681572847 -2.77163859753386
    endloop
  endfacet
  facet normal -0.24298017990326534 -0.9700312531945436 2.0348225211465702e-17
    outer loop
      vertex 1.1480502970952693 4.860692681572847 -2.77163859753386
      vertex 0.9754516100806412 4.903926402016152 -10
      vertex 1.4141902104779929 4.794028103684031 -2.6457637930450653
    endloop
  endfacet
  facet normal -0.33688985339221883 -0.9415440651830213 2.8307003951515826e-17
    outer loop
      vertex 1.9031798524909365 4.623060630407189 -2.319031360088211
      vertex 1.4514233862723116 4.784701678661044 -10
      vertex 1.913417161825449 4.619397662556434 -10
    endloop
  endfacet
  facet normal -0.4275550934302817 -0.9039892931234436 2.881802572758369e-17
    outer loop
      vertex 2.319031360088211 4.42755643417675 -1.9031798524909365
      vertex 1.913417161825449 4.619397662556434 -10
      vertex 2.3569836841299883 4.409606321741776 -10
    endloop
  endfacet
  facet normal -0.242980179903259 -0.9700312531945452 0
    outer loop
      vertex 1.4141902104779929 4.794028103684031 -2.6457637930450653
      vertex 1.4514233862723116 4.784701678661044 -10
      vertex 1.4514233862723116 4.784701678661044 -2.6234470863062263
    endloop
  endfacet
  facet normal -0.3368898533922183 -0.9415440651830214 0
    outer loop
      vertex 1.4514233862723116 4.784701678661044 -2.6234470863062263
      vertex 1.4514233862723116 4.784701678661044 -10
      vertex 1.6667106990588065 4.707670646419607 -2.4944088369076356
    endloop
  endfacet
  facet normal -0.5141027441932224 -0.8577286100002717 -1.9470202309045867e-18
    outer loop
      vertex 2.77163859753386 4.161071731209619 -1.1480502970952693
      vertex 2.3569836841299883 4.409606321741776 -10
      vertex 2.777851165098011 4.157348061512726 -10
    endloop
  endfacet
  facet normal -0.595699304492433 -0.803207531480645 6.363664672432742e-18
    outer loop
      vertex 3 3.99259125675397 0
      vertex 2.777851165098011 4.157348061512726 -10
      vertex 3.1719664208182277 3.865052266813685 -10
    endloop
  endfacet
  facet normal -0.33688985339221855 -0.9415440651830214 7.522115754435553e-18
    outer loop
      vertex 1.6667106990588065 4.707670646419607 -2.4944088369076356
      vertex 1.4514233862723116 4.784701678661044 -10
      vertex 1.9031798524909365 4.623060630407189 -2.319031360088211
    endloop
  endfacet
  facet normal -0.5141027441932225 -0.8577286100002716 -1.0917572515053649e-17
    outer loop
      vertex 2.4944088369076356 4.327236855059139 -1.6667106990588065
      vertex 2.3569836841299883 4.409606321741776 -10
      vertex 2.6457637930450653 4.236518185551924 -1.4141902104779929
    endloop
  endfacet
  facet normal -0.3368898533922376 -0.9415440651830144 0
    outer loop
      vertex 1.9031798524909365 4.623060630407189 -2.319031360088211
      vertex 1.913417161825449 4.619397662556434 -10
      vertex 1.913417161825449 4.619397662556434 -2.3097528037545025
    endloop
  endfacet
  facet normal -0.42755509343028053 -0.9039892931234441 0
    outer loop
      vertex 1.913417161825449 4.619397662556434 -2.3097528037545025
      vertex 1.913417161825449 4.619397662556434 -10
      vertex 2.121320343559643 4.521066780800429 -2.121320343559643
    endloop
  endfacet
  facet normal -0.427555093430282 -0.9039892931234433 4.977171050669141e-17
    outer loop
      vertex 2.121320343559643 4.521066780800429 -2.121320343559643
      vertex 1.913417161825449 4.619397662556434 -10
      vertex 2.319031360088211 4.42755643417675 -1.9031798524909365
    endloop
  endfacet
  facet normal -0.42755509343028675 -0.9039892931234412 0
    outer loop
      vertex 2.319031360088211 4.42755643417675 -1.9031798524909365
      vertex 2.3569836841299883 4.409606321741776 -10
      vertex 2.3569836841299883 4.409606321741776 -1.8520070673665303
    endloop
  endfacet
  facet normal -0.514102744193223 -0.8577286100002713 0
    outer loop
      vertex 2.3569836841299883 4.409606321741776 -1.8520070673665303
      vertex 2.3569836841299883 4.409606321741776 -10
      vertex 2.4944088369076356 4.327236855059139 -1.6667106990588065
    endloop
  endfacet
  facet normal -0.9987954562051724 -0.049067674327417134 0
    outer loop
      vertex 5 0 -10
      vertex 5 0 10
      vertex 4.975923633360985 0.490085701647803 -10
    endloop
  endfacet
  facet normal -0.9891765099647808 -0.14673047445536283 0
    outer loop
      vertex 4.903926402016152 0.9754516100806412 -10
      vertex 4.975923633360985 0.490085701647803 -10
      vertex 4.975923633360985 0.490085701647803 10
    endloop
  endfacet
  facet normal -0.9700312531945439 -0.2429801799032646 0
    outer loop
      vertex 4.784701678661044 1.4514233862723116 -10
      vertex 4.903926402016152 0.9754516100806412 -10
      vertex 4.903926402016152 0.9754516100806412 10
    endloop
  endfacet
  facet normal -0.8577286100002717 -0.5141027441932224 0
    outer loop
      vertex 4.157348061512726 2.777851165098011 -10
      vertex 4.409606321741776 2.3569836841299883 -10
      vertex 4.409606321741776 2.3569836841299883 10
    endloop
  endfacet
  facet normal -0.9415440651830213 -0.33688985339221883 0
    outer loop
      vertex 4.619397662556434 1.913417161825449 -10
      vertex 4.784701678661044 1.4514233862723116 -10
      vertex 4.784701678661044 1.4514233862723116 10
    endloop
  endfacet
  facet normal -0.9039892931234436 -0.4275550934302817 0
    outer loop
      vertex 4.409606321741776 2.3569836841299883 -10
      vertex 4.619397662556434 1.913417161825449 -10
      vertex 4.619397662556434 1.913417161825449 10
    endloop
  endfacet
  facet normal -0.6715589548470183 -0.7409511253549591 0
    outer loop
      vertex 3.1719664208182277 3.865052266813685 -10
      vertex 3.5355339059327378 3.5355339059327378 -10
      vertex 3.5355339059327378 3.5355339059327378 10
    endloop
  endfacet
  facet normal -0.5141027441932218 -0.8577286100002721 -4.7429418791593333e-17
    outer loop
      vertex 2.6457637930450653 4.236518185551924 -1.4141902104779929
      vertex 2.3569836841299883 4.409606321741776 -10
      vertex 2.77163859753386 4.161071731209619 -1.1480502970952693
    endloop
  endfacet
  facet normal -0.5141027441932204 -0.8577286100002728 0
    outer loop
      vertex 2.77163859753386 4.161071731209619 -1.1480502970952693
      vertex 2.777851165098011 4.157348061512726 -10
      vertex 2.777851165098011 4.157348061512726 -1.1306873339170205
    endloop
  endfacet
  facet normal -0.5956993044924344 -0.803207531480644 0
    outer loop
      vertex 2.8708210071966267 4.088396927333463 -0.870854031763387
      vertex 2.777851165098011 4.157348061512726 -1.1306873339170205
      vertex 2.777851165098011 4.157348061512726 -10
    endloop
  endfacet
  facet normal -0.5956993044924337 -0.8032075314806446 -8.896025572234955e-18
    outer loop
      vertex 2.8708210071966267 4.088396927333463 -0.870854031763387
      vertex 2.777851165098011 4.157348061512726 -10
      vertex 2.9423558412096913 4.035343078610194 -0.5852709660483848
    endloop
  endfacet
  facet normal -0.5956993044924073 -0.8032075314806643 -8.803580096188391e-16
    outer loop
      vertex 2.9855541800165906 4.003305007036013 -0.2940514209886818
      vertex 2.777851165098011 4.157348061512726 -10
      vertex 3 3.99259125675397 0
    endloop
  endfacet
  facet normal -0.5956993044924326 -0.8032075314806456 -4.2717510160410926e-17
    outer loop
      vertex 2.9423558412096913 4.035343078610194 -0.5852709660483848
      vertex 2.777851165098011 4.157348061512726 -10
      vertex 2.9855541800165906 4.003305007036013 -0.2940514209886818
    endloop
  endfacet
  facet normal -0.803207531480645 -0.595699304492433 0
    outer loop
      vertex 3.865052266813685 3.1719664208182277 -10
      vertex 4.157348061512726 2.777851165098011 -10
      vertex 4.157348061512726 2.777851165098011 10
    endloop
  endfacet
  facet normal -0.7409511253549591 -0.6715589548470183 0
    outer loop
      vertex 3.5355339059327378 3.5355339059327378 -10
      vertex 3.865052266813685 3.1719664208182277 -10
      vertex 3.865052266813685 3.1719664208182277 10
    endloop
  endfacet
  facet normal -0.3368898533922185 -0.9415440651830214 -2.874758158746165e-17
    outer loop
      vertex 1.6667106990588065 4.707670646419607 2.4944088369076356
      vertex 1.9031798524909365 4.623060630407189 2.319031360088211
      vertex 1.913417161825449 4.619397662556434 10
    endloop
  endfacet
  facet normal -0.3368898533922376 -0.9415440651830144 0
    outer loop
      vertex 1.9031798524909365 4.623060630407189 2.319031360088211
      vertex 1.913417161825449 4.619397662556434 2.3097528037545025
      vertex 1.913417161825449 4.619397662556434 10
    endloop
  endfacet
  facet normal -0.4275550934302806 -0.9039892931234441 -7.829629222628075e-17
    outer loop
      vertex 1.913417161825449 4.619397662556434 2.3097528037545025
      vertex 2.121320343559643 4.521066780800429 2.121320343559643
      vertex 2.3569836841299883 4.409606321741776 10
    endloop
  endfacet
  facet normal -0.427555093430282 -0.9039892931234433 -2.728764021074184e-17
    outer loop
      vertex 2.121320343559643 4.521066780800429 2.121320343559643
      vertex 2.319031360088211 4.42755643417675 1.9031798524909365
      vertex 2.3569836841299883 4.409606321741776 10
    endloop
  endfacet
  facet normal -0.42755509343028675 -0.9039892931234412 0
    outer loop
      vertex 2.319031360088211 4.42755643417675 1.9031798524909365
      vertex 2.3569836841299883 4.409606321741776 1.8520070673665303
      vertex 2.3569836841299883 4.409606321741776 10
    endloop
  endfacet
  facet normal -0.9987954562051724 -0.049067674327417134 0
    outer loop
      vertex 4.975923633360985 0.490085701647803 -10
      vertex 5 0 10
      vertex 4.975923633360985 0.490085701647803 10
    endloop
  endfacet
  facet normal -0.9891765099647808 -0.14673047445536283 0
    outer loop
      vertex 4.903926402016152 0.9754516100806412 -10
      vertex 4.975923633360985 0.490085701647803 10
      vertex 4.903926402016152 0.9754516100806412 10
    endloop
  endfacet
  facet normal -0.9415440651830213 -0.33688985339221883 0
    outer loop
      vertex 4.619397662556434 1.913417161825449 -10
      vertex 4.784701678661044 1.4514233862723116 10
      vertex 4.619397662556434 1.913417161825449 10
    endloop
  endfacet
  facet normal -0.9700312531945439 -0.2429801799032646 0
    outer loop
      vertex 4.784701678661044 1.4514233862723116 -10
      vertex 4.903926402016152 0.9754516100806412 10
      vertex 4.784701678661044 1.4514233862723116 10
    endloop
  endfacet
  facet normal -0.9039892931234436 -0.4275550934302817 0
    outer loop
      vertex 4.409606321741776 2.3569836841299883 -10
      vertex 4.619397662556434 1.913417161825449 10
      vertex 4.409606321741776 2.3569836841299883 10
    endloop
  endfacet
  facet normal -0.5956993044924332 -0.803207531480645 0
    outer loop
      vertex 3 3.99259125675397 0
      vertex 3.1719664208182277 3.865052266813685 -10
      vertex 3.1719664208182277 3.865052266813685 10
    endloop
  endfacet
  facet normal -0.7409511253549591 -0.6715589548470183 0
    outer loop
      vertex 3.5355339059327378 3.5355339059327378 -10
      vertex 3.865052266813685 3.1719664208182277 10
      vertex 3.5355339059327378 3.5355339059327378 10
    endloop
  endfacet
  facet normal -0.5956993044924226 -0.8032075314806529 -2.839909465521843e-16
    outer loop
      vertex 3 3.99259125675397 0
      vertex 3.1719664208182277 3.865052266813685 10
      vertex 2.9855541800165906 4.003305007036013 0.2940514209886818
    endloop
  endfacet
  facet normal -0.5956993044924328 -0.8032075314806455 1.6182238753665648e-17
    outer loop
      vertex 2.9423558412096913 4.035343078610194 0.5852709660483848
      vertex 2.9855541800165906 4.003305007036013 0.2940514209886818
      vertex 3.1719664208182277 3.865052266813685 10
    endloop
  endfacet
  facet normal -0.6715589548470183 -0.7409511253549591 0
    outer loop
      vertex 3.1719664208182277 3.865052266813685 -10
      vertex 3.5355339059327378 3.5355339059327378 10
      vertex 3.1719664208182277 3.865052266813685 10
    endloop
  endfacet
  facet normal -0.5141027441932224 -0.8577286100002716 1.5628733051567984e-17
    outer loop
      vertex 2.4944088369076356 4.327236855059139 1.6667106990588065
      vertex 2.6457637930450653 4.236518185551924 1.4141902104779929
      vertex 2.777851165098011 4.157348061512726 10
    endloop
  endfacet
  facet normal -0.5141027441932218 -0.8577286100002721 1.3333938129009867e-18
    outer loop
      vertex 2.77163859753386 4.161071731209619 1.1480502970952693
      vertex 2.777851165098011 4.157348061512726 10
      vertex 2.6457637930450653 4.236518185551924 1.4141902104779929
    endloop
  endfacet
  facet normal -0.5141027441932204 -0.8577286100002728 0
    outer loop
      vertex 2.77163859753386 4.161071731209619 1.1480502970952693
      vertex 2.777851165098011 4.157348061512726 1.1306873339170205
      vertex 2.777851165098011 4.157348061512726 10
    endloop
  endfacet
  facet normal -0.5956993044924341 -0.8032075314806442 8.116710957349425e-17
    outer loop
      vertex 2.8708210071966267 4.088396927333463 0.870854031763387
      vertex 3.1719664208182277 3.865052266813685 10
      vertex 2.777851165098011 4.157348061512726 1.1306873339170205
    endloop
  endfacet
  facet normal -0.5956993044924336 -0.8032075314806447 5.278857077584387e-17
    outer loop
      vertex 2.9423558412096913 4.035343078610194 0.5852709660483848
      vertex 3.1719664208182277 3.865052266813685 10
      vertex 2.8708210071966267 4.088396927333463 0.870854031763387
    endloop
  endfacet
  facet normal -0.514102744193223 -0.8577286100002713 3.7268723147037725e-17
    outer loop
      vertex 2.4944088369076356 4.327236855059139 1.6667106990588065
      vertex 2.777851165098011 4.157348061512726 10
      vertex 2.3569836841299883 4.409606321741776 1.8520070673665303
    endloop
  endfacet
  facet normal -0.803207531480645 -0.595699304492433 0
    outer loop
      vertex 3.865052266813685 3.1719664208182277 -10
      vertex 4.157348061512726 2.777851165098011 10
      vertex 3.865052266813685 3.1719664208182277 10
    endloop
  endfacet
  facet normal -0.8577286100002717 -0.5141027441932224 0
    outer loop
      vertex 4.157348061512726 2.777851165098011 -10
      vertex 4.409606321741776 2.3569836841299883 10
      vertex 4.157348061512726 2.777851165098011 10
    endloop
  endfacet
  facet normal -0.04906767432741833 -0.9987954562051724 8.388693112862356e-17
    outer loop
      vertex 0 5 3
      vertex 0.2940514209886818 4.985554180016591 2.9855541800165906
      vertex 0.490085701647803 4.975923633360985 10
    endloop
  endfacet
  facet normal -0.04906767432741533 -0.9987954562051724 0
    outer loop
      vertex 0.2940514209886818 4.985554180016591 2.9855541800165906
      vertex 0.490085701647803 4.975923633360985 2.95647524140365
      vertex 0.490085701647803 4.975923633360985 10
    endloop
  endfacet
  facet normal -0.14673047445536025 -0.9891765099647812 -1.8368156510351746e-16
    outer loop
      vertex 0.490085701647803 4.975923633360985 2.95647524140365
      vertex 0.5852709660483848 4.961804233167026 2.9423558412096913
      vertex 0.9754516100806412 4.903926402016152 10
    endloop
  endfacet
  facet normal -0.14673047445536397 -0.9891765099647807 2.855077190691764e-17
    outer loop
      vertex 0.5852709660483848 4.961804233167026 2.9423558412096913
      vertex 0.870854031763387 4.919441987089962 2.8708210071966267
      vertex 0.9754516100806412 4.903926402016152 10
    endloop
  endfacet
  facet normal -0.1467304744553621 -0.9891765099647809 0
    outer loop
      vertex 0.870854031763387 4.919441987089962 2.8708210071966267
      vertex 0.9754516100806412 4.903926402016152 2.833395395239069
      vertex 0.9754516100806412 4.903926402016152 10
    endloop
  endfacet
  facet normal -0.2429801799032646 -0.9700312531945439 0
    outer loop
      vertex 0.9754516100806412 4.903926402016152 2.833395395239069
      vertex 1.1480502970952693 4.860692681572847 2.77163859753386
      vertex 1.4514233862723116 4.784701678661044 10
    endloop
  endfacet
  facet normal -0.24298017990326534 -0.9700312531945436 3.4307549427977723e-17
    outer loop
      vertex 1.1480502970952693 4.860692681572847 2.77163859753386
      vertex 1.4141902104779929 4.794028103684031 2.6457637930450653
      vertex 1.4514233862723116 4.784701678661044 10
    endloop
  endfacet
  facet normal -0.242980179903259 -0.9700312531945452 0
    outer loop
      vertex 1.4141902104779929 4.794028103684031 2.6457637930450653
      vertex 1.4514233862723116 4.784701678661044 2.6234470863062263
      vertex 1.4514233862723116 4.784701678661044 10
    endloop
  endfacet
  facet normal -0.3368898533922183 -0.9415440651830215 -3.568593481782881e-17
    outer loop
      vertex 1.4514233862723116 4.784701678661044 2.6234470863062263
      vertex 1.6667106990588065 4.707670646419607 2.4944088369076356
      vertex 1.913417161825449 4.619397662556434 10
    endloop
  endfacet
  facet normal -0.5141027441932224 -0.8577286100002717 0
    outer loop
      vertex 2.3569836841299883 4.409606321741776 1.8520070673665303
      vertex 2.777851165098011 4.157348061512726 10
      vertex 2.3569836841299883 4.409606321741776 10
    endloop
  endfacet
  facet normal -0.4275550934302817 -0.9039892931234434 0
    outer loop
      vertex 1.913417161825449 4.619397662556434 2.3097528037545025
      vertex 2.3569836841299883 4.409606321741776 10
      vertex 1.913417161825449 4.619397662556434 10
    endloop
  endfacet
  facet normal -0.049067674327417134 -0.9987954562051725 0
    outer loop
      vertex 0 5 3
      vertex 0.490085701647803 4.975923633360985 10
      vertex 0 5 10
    endloop
  endfacet
  facet normal -0.14673047445536286 -0.9891765099647808 0
    outer loop
      vertex 0.490085701647803 4.975923633360985 2.95647524140365
      vertex 0.9754516100806412 4.903926402016152 10
      vertex 0.490085701647803 4.975923633360985 10
    endloop
  endfacet
  facet normal -0.2429801799032646 -0.9700312531945439 0
    outer loop
      vertex 0.9754516100806412 4.903926402016152 2.833395395239069
      vertex 1.4514233862723116 4.784701678661044 10
      vertex 0.9754516100806412 4.903926402016152 10
    endloop
  endfacet
  facet normal -0.3368898533922188 -0.9415440651830213 0
    outer loop
      vertex 1.4514233862723116 4.784701678661044 2.6234470863062263
      vertex 1.913417161825449 4.619397662556434 10
      vertex 1.4514233862723116 4.784701678661044 10
    endloop
  endfacet
  facet normal -0.5956993044924331 -0.8032075314806453 0
    outer loop
      vertex 2.777851165098011 4.157348061512726 1.1306873339170205
      vertex 3.1719664208182277 3.865052266813685 10
      vertex 2.777851165098011 4.157348061512726 10
    endloop
  endfacet
  facet normal 0.8577286100002716 0 0.5141027441932225
    outer loop
      vertex -2.4944088369076356 -4.327236855059139 -1.6667106990588065
      vertex -2.6457637930450653 -10 -1.4141902104779929
      vertex -2.4944088369076356 -10 -1.6667106990588065
    endloop
  endfacet
  facet normal 0.9039892931234439 0 0.4275550934302809
    outer loop
      vertex -2.6457637930450653 -4.236518185551924 -1.4141902104779929
      vertex -2.77163859753386 -10 -1.1480502970952693
      vertex -2.6457637930450653 -10 -1.4141902104779929
    endloop
  endfacet
  facet normal 0.9700312531945441 0 0.24298017990326343
    outer loop
      vertex -2.8708210071966267 -4.088396927333463 -0.870854031763387
      vertex -2.9423558412096913 -10 -0.5852709660483848
      vertex -2.8708210071966267 -10 -0.870854031763387
    endloop
  endfacet
  facet normal 0.9415440651830205 0 0.3368898533922212
    outer loop
      vertex -2.77163859753386 -4.161071731209619 -1.1480502970952693
      vertex -2.8708210071966267 -10 -0.870854031763387
      vertex -2.77163859753386 -10 -1.1480502970952693
    endloop
  endfacet
  facet normal 0.9891765099647809 0 0.1467304744553616
    outer loop
      vertex -2.9423558412096913 -4.035343078610194 -0.5852709660483848
      vertex -2.9855541800165906 -10 -0.2940514209886818
      vertex -2.9423558412096913 -10 -0.5852709660483848
    endloop
  endfacet
  facet normal 0.9987954562051724 0 0.049067674327418334
    outer loop
      vertex -2.9855541800165906 -4.003305007036013 -0.2940514209886818
      vertex -3 -10 0
      vertex -2.9855541800165906 -10 -0.2940514209886818
    endloop
  endfacet
  facet normal 0.8577286100002717 0 0.5141027441932225
    outer loop
      vertex -2.6457637930450653 -4.236518185551924 -1.4141902104779929
      vertex -2.6457637930450653 -10 -1.4141902104779929
      vertex -2.4944088369076356 -4.327236855059139 -1.6667106990588065
    endloop
  endfacet
  facet normal 0.9415440651830204 0 0.336889853392221
    outer loop
      vertex -2.777851165098011 -4.157348061512726 -1.1306873339170205
      vertex -2.8708210071966267 -4.088396927333463 -0.870854031763387
      vertex -2.8708210071966267 -10 -0.870854031763387
    endloop
  endfacet
  facet normal 0.9700312531945441 0 0.24298017990326345
    outer loop
      vertex -2.8708210071966267 -4.088396927333463 -0.870854031763387
      vertex -2.9423558412096913 -4.035343078610194 -0.5852709660483848
      vertex -2.9423558412096913 -10 -0.5852709660483848
    endloop
  endfacet
  facet normal 0.9039892931234439 0 0.42755509343028103
    outer loop
      vertex -2.6457637930450653 -4.236518185551924 -1.4141902104779929
      vertex -2.77163859753386 -4.161071731209619 -1.1480502970952693
      vertex -2.77163859753386 -10 -1.1480502970952693
    endloop
  endfacet
  facet normal 0.9415440651830198 8.372861695761241e-17 0.33688985339222266
    outer loop
      vertex -2.777851165098011 -4.157348061512726 -1.1306873339170205
      vertex -2.8708210071966267 -10 -0.870854031763387
      vertex -2.77163859753386 -4.161071731209619 -1.1480502970952693
    endloop
  endfacet
  facet normal 0.989176509964781 0 0.14673047445536164
    outer loop
      vertex -2.9855541800165906 -4.003305007036013 -0.2940514209886818
      vertex -2.9855541800165906 -10 -0.2940514209886818
      vertex -2.9423558412096913 -4.035343078610194 -0.5852709660483848
    endloop
  endfacet
  facet normal 0.9987954562051724 0 0.049067674327418334
    outer loop
      vertex -2.9855541800165906 -4.003305007036013 -0.2940514209886818
      vertex -3 -3.99259125675397 0
      vertex -3 -10 0
    endloop
  endfacet
  facet normal 0.5141027441932225 0 0.8577286100002716
    outer loop
      vertex -1.4141902104779929 -4.794028103684031 -2.6457637930450653
      vertex -1.6667106990588065 -10 -2.4944088369076356
      vertex -1.4141902104779929 -10 -2.6457637930450653
    endloop
  endfacet
  facet normal 0.33688985339222116 0 0.9415440651830205
    outer loop
      vertex -0.870854031763387 -4.919441987089962 -2.8708210071966267
      vertex -1.1480502970952693 -10 -2.77163859753386
      vertex -0.870854031763387 -10 -2.8708210071966267
    endloop
  endfacet
  facet normal 0.4275550934302809 0 0.9039892931234438
    outer loop
      vertex -1.1480502970952693 -4.860692681572847 -2.77163859753386
      vertex -1.4141902104779929 -10 -2.6457637930450653
      vertex -1.1480502970952693 -10 -2.77163859753386
    endloop
  endfacet
  facet normal 0.24298017990326343 0 0.9700312531945441
    outer loop
      vertex -0.5852709660483848 -4.961804233167026 -2.9423558412096913
      vertex -0.870854031763387 -10 -2.8708210071966267
      vertex -0.5852709660483848 -10 -2.9423558412096913
    endloop
  endfacet
  facet normal 0.1467304744553616 0 0.989176509964781
    outer loop
      vertex -0.2940514209886818 -4.985554180016591 -2.9855541800165906
      vertex -0.5852709660483848 -10 -2.9423558412096913
      vertex -0.2940514209886818 -10 -2.9855541800165906
    endloop
  endfacet
  facet normal 0.049067674327418334 0 0.9987954562051723
    outer loop
      vertex 0 -5 -3
      vertex -0.2940514209886818 -10 -2.9855541800165906
      vertex 0 -10 -3
    endloop
  endfacet
  facet normal 0.6715589548470179 0 0.7409511253549597
    outer loop
      vertex -1.9031798524909365 -4.623060630407189 -2.319031360088211
      vertex -2.121320343559643 -10 -2.121320343559643
      vertex -1.9031798524909365 -10 -2.319031360088211
    endloop
  endfacet
  facet normal 0.7409511253549595 0 0.6715589548470178
    outer loop
      vertex -2.121320343559643 -4.521066780800429 -2.121320343559643
      vertex -2.319031360088211 -10 -1.9031798524909365
      vertex -2.121320343559643 -10 -2.121320343559643
    endloop
  endfacet
  facet normal 0.8032075314806456 0 0.5956993044924325
    outer loop
      vertex -2.319031360088211 -4.42755643417675 -1.9031798524909365
      vertex -2.4944088369076356 -10 -1.6667106990588065
      vertex -2.319031360088211 -10 -1.9031798524909365
    endloop
  endfacet
  facet normal 0.5956993044924325 0 0.8032075314806455
    outer loop
      vertex -1.6667106990588065 -4.707670646419607 -2.4944088369076356
      vertex -1.9031798524909365 -10 -2.319031360088211
      vertex -1.6667106990588065 -10 -2.4944088369076356
    endloop
  endfacet
  facet normal 0.514102744193222 0 0.8577286100002718
    outer loop
      vertex -1.6667106990588065 -4.707670646419607 -2.4944088369076356
      vertex -1.6667106990588065 -10 -2.4944088369076356
      vertex -1.4514233862723116 -4.784701678661044 -2.6234470863062263
    endloop
  endfacet
  facet normal 0.5141027441932254 -1.9339422856331942e-16 0.8577286100002699
    outer loop
      vertex -1.4514233862723116 -4.784701678661044 -2.6234470863062263
      vertex -1.6667106990588065 -10 -2.4944088369076356
      vertex -1.4141902104779929 -4.794028103684031 -2.6457637930450653
    endloop
  endfacet
  facet normal 0.4275550934302809 0 0.903989293123444
    outer loop
      vertex -1.4141902104779929 -4.794028103684031 -2.6457637930450653
      vertex -1.4141902104779929 -10 -2.6457637930450653
      vertex -1.1480502970952693 -4.860692681572847 -2.77163859753386
    endloop
  endfacet
  facet normal 0.33688985339222194 -4.87817236089756e-17 0.9415440651830203
    outer loop
      vertex -0.9754516100806412 -4.903926402016152 -2.833395395239069
      vertex -1.1480502970952693 -10 -2.77163859753386
      vertex -0.870854031763387 -4.919441987089962 -2.8708210071966267
    endloop
  endfacet
  facet normal 0.3368898533922206 0 0.9415440651830205
    outer loop
      vertex -1.1480502970952693 -4.860692681572847 -2.77163859753386
      vertex -1.1480502970952693 -10 -2.77163859753386
      vertex -0.9754516100806412 -4.903926402016152 -2.833395395239069
    endloop
  endfacet
  facet normal 0.2429801799032634 0 0.9700312531945441
    outer loop
      vertex -0.870854031763387 -4.919441987089962 -2.8708210071966267
      vertex -0.870854031763387 -10 -2.8708210071966267
      vertex -0.5852709660483848 -4.961804233167026 -2.9423558412096913
    endloop
  endfacet
  facet normal 0.14673047445536022 0 0.9891765099647812
    outer loop
      vertex -0.5852709660483848 -4.961804233167026 -2.9423558412096913
      vertex -0.5852709660483848 -10 -2.9423558412096913
      vertex -0.490085701647803 -4.975923633360985 -2.95647524140365
    endloop
  endfacet
  facet normal 0.14673047445536228 -4.0905304149561244e-17 0.9891765099647808
    outer loop
      vertex -0.490085701647803 -4.975923633360985 -2.95647524140365
      vertex -0.5852709660483848 -10 -2.9423558412096913
      vertex -0.2940514209886818 -4.985554180016591 -2.9855541800165906
    endloop
  endfacet
  facet normal 0.049067674327418334 0 0.9987954562051724
    outer loop
      vertex -0.2940514209886818 -4.985554180016591 -2.9855541800165906
      vertex -0.2940514209886818 -10 -2.9855541800165906
      vertex 0 -5 -3
    endloop
  endfacet
  facet normal 0.7409511253549595 0 0.6715589548470179
    outer loop
      vertex -2.319031360088211 -4.42755643417675 -1.9031798524909365
      vertex -2.319031360088211 -10 -1.9031798524909365
      vertex -2.121320343559643 -4.521066780800429 -2.121320343559643
    endloop
  endfacet
  facet normal 0.671558954847013 3.6538748183448023e-16 0.7409511253549641
    outer loop
      vertex -1.913417161825449 -4.619397662556434 -2.3097528037545025
      vertex -2.121320343559643 -10 -2.121320343559643
      vertex -1.9031798524909365 -4.623060630407189 -2.319031360088211
    endloop
  endfacet
  facet normal 0.6715589548470181 0 0.7409511253549594
    outer loop
      vertex -2.121320343559643 -4.521066780800429 -2.121320343559643
      vertex -2.121320343559643 -10 -2.121320343559643
      vertex -1.913417161825449 -4.619397662556434 -2.3097528037545025
    endloop
  endfacet
  facet normal 0.8032075314806459 -2.888734262199702e-17 0.5956993044924321
    outer loop
      vertex -2.3569836841299883 -4.409606321741776 -1.8520070673665303
      vertex -2.4944088369076356 -10 -1.6667106990588065
      vertex -2.319031360088211 -4.42755643417675 -1.9031798524909365
    endloop
  endfacet
  facet normal 0.5956993044924325 0 0.8032075314806455
    outer loop
      vertex -1.9031798524909365 -4.623060630407189 -2.319031360088211
      vertex -1.9031798524909365 -10 -2.319031360088211
      vertex -1.6667106990588065 -4.707670646419607 -2.4944088369076356
    endloop
  endfacet
  facet normal 0.8032075314806455 0 0.5956993044924327
    outer loop
      vertex -2.3569836841299883 -4.409606321741776 -1.8520070673665303
      vertex -2.4944088369076356 -4.327236855059139 -1.6667106990588065
      vertex -2.4944088369076356 -10 -1.6667106990588065
    endloop
  endfacet
  facet normal 0.9987954562051724 0 -0.049067674327418334
    outer loop
      vertex -2.9855541800165906 -4.003305007036013 0.2940514209886818
      vertex -2.9855541800165906 -10 0.2940514209886818
      vertex -3 -10 0
    endloop
  endfacet
  facet normal 0.9891765099647809 0 -0.1467304744553616
    outer loop
      vertex -2.9423558412096913 -4.035343078610194 0.5852709660483848
      vertex -2.9423558412096913 -10 0.5852709660483848
      vertex -2.9855541800165906 -10 0.2940514209886818
    endloop
  endfacet
  facet normal 0.9700312531945441 0 -0.24298017990326343
    outer loop
      vertex -2.8708210071966267 -4.088396927333463 0.870854031763387
      vertex -2.8708210071966267 -10 0.870854031763387
      vertex -2.9423558412096913 -10 0.5852709660483848
    endloop
  endfacet
  facet normal 0.9415440651830205 5.294595908199408e-18 -0.33688985339222116
    outer loop
      vertex -2.777851165098011 -4.157348061512726 1.1306873339170205
      vertex -2.77163859753386 -10 1.1480502970952693
      vertex -2.8708210071966267 -10 0.870854031763387
    endloop
  endfacet
  facet normal 0.9039892931234439 0 -0.4275550934302809
    outer loop
      vertex -2.6457637930450653 -4.236518185551924 1.4141902104779929
      vertex -2.6457637930450653 -10 1.4141902104779929
      vertex -2.77163859753386 -10 1.1480502970952693
    endloop
  endfacet
  facet normal 0.8577286100002716 0 -0.5141027441932225
    outer loop
      vertex -2.4944088369076356 -4.327236855059139 1.6667106990588065
      vertex -2.4944088369076356 -10 1.6667106990588065
      vertex -2.6457637930450653 -10 1.4141902104779929
    endloop
  endfacet
  facet normal 0.9987954562051724 0 -0.049067674327418334
    outer loop
      vertex -3 -3.99259125675397 0
      vertex -2.9855541800165906 -4.003305007036013 0.2940514209886818
      vertex -3 -10 0
    endloop
  endfacet
  facet normal 0.989176509964781 0 -0.14673047445536164
    outer loop
      vertex -2.9855541800165906 -4.003305007036013 0.2940514209886818
      vertex -2.9423558412096913 -4.035343078610194 0.5852709660483848
      vertex -2.9855541800165906 -10 0.2940514209886818
    endloop
  endfacet
  facet normal 0.9700312531945441 0 -0.24298017990326345
    outer loop
      vertex -2.9423558412096913 -4.035343078610194 0.5852709660483848
      vertex -2.8708210071966267 -4.088396927333463 0.870854031763387
      vertex -2.9423558412096913 -10 0.5852709660483848
    endloop
  endfacet
  facet normal 0.9415440651830204 0 -0.336889853392221
    outer loop
      vertex -2.777851165098011 -4.157348061512726 1.1306873339170205
      vertex -2.8708210071966267 -10 0.870854031763387
      vertex -2.8708210071966267 -4.088396927333463 0.870854031763387
    endloop
  endfacet
  facet normal 0.9415440651830198 0 -0.33688985339222277
    outer loop
      vertex -2.777851165098011 -4.157348061512726 1.1306873339170205
      vertex -2.77163859753386 -4.161071731209619 1.1480502970952693
      vertex -2.77163859753386 -10 1.1480502970952693
    endloop
  endfacet
  facet normal 0.9039892931234439 0 -0.427555093430281
    outer loop
      vertex -2.77163859753386 -4.161071731209619 1.1480502970952693
      vertex -2.6457637930450653 -4.236518185551924 1.4141902104779929
      vertex -2.77163859753386 -10 1.1480502970952693
    endloop
  endfacet
  facet normal 0.8577286100002717 0 -0.5141027441932225
    outer loop
      vertex -2.6457637930450653 -4.236518185551924 1.4141902104779929
      vertex -2.4944088369076356 -4.327236855059139 1.6667106990588065
      vertex -2.6457637930450653 -10 1.4141902104779929
    endloop
  endfacet
  facet normal 0.8032075314806456 -6.324007692360118e-18 -0.5956993044924325
    outer loop
      vertex -2.3569836841299883 -4.409606321741776 1.8520070673665303
      vertex -2.319031360088211 -10 1.9031798524909365
      vertex -2.4944088369076356 -10 1.6667106990588065
    endloop
  endfacet
  facet normal 0.7409511253549595 0 -0.6715589548470178
    outer loop
      vertex -2.121320343559643 -4.521066780800429 2.121320343559643
      vertex -2.121320343559643 -10 2.121320343559643
      vertex -2.319031360088211 -10 1.9031798524909365
    endloop
  endfacet
  facet normal 0.6715589548470178 0 -0.7409511253549595
    outer loop
      vertex -2.121320343559643 -4.521066780800429 2.121320343559643
      vertex -1.9031798524909365 -10 2.319031360088211
      vertex -2.121320343559643 -10 2.121320343559643
    endloop
  endfacet
  facet normal 0.5956993044924325 0 -0.8032075314806455
    outer loop
      vertex -1.9031798524909365 -4.623060630407189 2.319031360088211
      vertex -1.6667106990588065 -10 2.4944088369076356
      vertex -1.9031798524909365 -10 2.319031360088211
    endloop
  endfacet
  facet normal 0.5141027441932225 0 -0.8577286100002716
    outer loop
      vertex -1.6667106990588065 -4.707670646419607 2.4944088369076356
      vertex -1.4141902104779929 -10 2.6457637930450653
      vertex -1.6667106990588065 -10 2.4944088369076356
    endloop
  endfacet
  facet normal 0.4275550934302809 0 -0.903989293123444
    outer loop
      vertex -1.4141902104779929 -4.794028103684031 2.6457637930450653
      vertex -1.1480502970952693 -10 2.77163859753386
      vertex -1.4141902104779929 -10 2.6457637930450653
    endloop
  endfacet
  facet normal 0.3368898533922211 -1.849983361758526e-17 -0.9415440651830204
    outer loop
      vertex -0.9754516100806412 -4.903926402016152 2.833395395239069
      vertex -0.870854031763387 -10 2.8708210071966267
      vertex -1.1480502970952693 -10 2.77163859753386
    endloop
  endfacet
  facet normal 0.2429801799032634 0 -0.9700312531945441
    outer loop
      vertex -0.870854031763387 -4.919441987089962 2.8708210071966267
      vertex -0.5852709660483848 -10 2.9423558412096913
      vertex -0.870854031763387 -10 2.8708210071966267
    endloop
  endfacet
  facet normal 0.1467304744553616 -2.7561012082920516e-17 -0.9891765099647809
    outer loop
      vertex -0.490085701647803 -4.975923633360985 2.95647524140365
      vertex -0.2940514209886818 -10 2.9855541800165906
      vertex -0.5852709660483848 -10 2.9423558412096913
    endloop
  endfacet
  facet normal 0.049067674327418334 0 -0.9987954562051724
    outer loop
      vertex -0.2940514209886818 -4.985554180016591 2.9855541800165906
      vertex 0 -10 3
      vertex -0.2940514209886818 -10 2.9855541800165906
    endloop
  endfacet
  facet normal 0.8032075314806458 0 -0.595699304492432
    outer loop
      vertex -2.3569836841299883 -4.409606321741776 1.8520070673665303
      vertex -2.319031360088211 -4.42755643417675 1.9031798524909365
      vertex -2.319031360088211 -10 1.9031798524909365
    endloop
  endfacet
  facet normal 0.7409511253549595 0 -0.6715589548470179
    outer loop
      vertex -2.319031360088211 -4.42755643417675 1.9031798524909365
      vertex -2.121320343559643 -4.521066780800429 2.121320343559643
      vertex -2.319031360088211 -10 1.9031798524909365
    endloop
  endfacet
  facet normal 0.6715589548470128 0 -0.7409511253549641
    outer loop
      vertex -1.913417161825449 -4.619397662556434 2.3097528037545025
      vertex -1.9031798524909365 -4.623060630407189 2.319031360088211
      vertex -1.9031798524909365 -10 2.319031360088211
    endloop
  endfacet
  facet normal 0.6715589548470181 1.840088693450759e-17 -0.7409511253549592
    outer loop
      vertex -2.121320343559643 -4.521066780800429 2.121320343559643
      vertex -1.913417161825449 -4.619397662556434 2.3097528037545025
      vertex -1.9031798524909365 -10 2.319031360088211
    endloop
  endfacet
  facet normal 0.5956993044924325 0 -0.8032075314806455
    outer loop
      vertex -1.9031798524909365 -4.623060630407189 2.319031360088211
      vertex -1.6667106990588065 -4.707670646419607 2.4944088369076356
      vertex -1.6667106990588065 -10 2.4944088369076356
    endloop
  endfacet
  facet normal 0.8032075314806455 0 -0.5956993044924326
    outer loop
      vertex -2.4944088369076356 -4.327236855059139 1.6667106990588065
      vertex -2.3569836841299883 -4.409606321741776 1.8520070673665303
      vertex -2.4944088369076356 -10 1.6667106990588065
    endloop
  endfacet
  facet normal 0.514102744193222 -3.188633513457805e-17 -0.8577286100002718
    outer loop
      vertex -1.6667106990588065 -4.707670646419607 2.4944088369076356
      vertex -1.4514233862723116 -4.784701678661044 2.6234470863062263
      vertex -1.4141902104779929 -10 2.6457637930450653
    endloop
  endfacet
  facet normal 0.5141027441932254 0 -0.8577286100002698
    outer loop
      vertex -1.4514233862723116 -4.784701678661044 2.6234470863062263
      vertex -1.4141902104779929 -4.794028103684031 2.6457637930450653
      vertex -1.4141902104779929 -10 2.6457637930450653
    endloop
  endfacet
  facet normal 0.3368898533922206 0 -0.9415440651830205
    outer loop
      vertex -1.1480502970952693 -4.860692681572847 2.77163859753386
      vertex -0.9754516100806412 -4.903926402016152 2.833395395239069
      vertex -1.1480502970952693 -10 2.77163859753386
    endloop
  endfacet
  facet normal 0.42755509343028086 0 -0.903989293123444
    outer loop
      vertex -1.4141902104779929 -4.794028103684031 2.6457637930450653
      vertex -1.1480502970952693 -4.860692681572847 2.77163859753386
      vertex -1.1480502970952693 -10 2.77163859753386
    endloop
  endfacet
  facet normal 0.33688985339222194 0 -0.9415440651830201
    outer loop
      vertex -0.9754516100806412 -4.903926402016152 2.833395395239069
      vertex -0.870854031763387 -4.919441987089962 2.8708210071966267
      vertex -0.870854031763387 -10 2.8708210071966267
    endloop
  endfacet
  facet normal 0.24298017990326343 0 -0.9700312531945441
    outer loop
      vertex -0.870854031763387 -4.919441987089962 2.8708210071966267
      vertex -0.5852709660483848 -4.961804233167026 2.9423558412096913
      vertex -0.5852709660483848 -10 2.9423558412096913
    endloop
  endfacet
  facet normal 0.14673047445536022 0 -0.9891765099647812
    outer loop
      vertex -0.5852709660483848 -4.961804233167026 2.9423558412096913
      vertex -0.490085701647803 -4.975923633360985 2.95647524140365
      vertex -0.5852709660483848 -10 2.9423558412096913
    endloop
  endfacet
  facet normal 0.1467304744553623 0 -0.9891765099647809
    outer loop
      vertex -0.490085701647803 -4.975923633360985 2.95647524140365
      vertex -0.2940514209886818 -4.985554180016591 2.9855541800165906
      vertex -0.2940514209886818 -10 2.9855541800165906
    endloop
  endfacet
  facet normal 0.049067674327418334 0 -0.9987954562051723
    outer loop
      vertex -0.2940514209886818 -4.985554180016591 2.9855541800165906
      vertex 0 -5 3
      vertex 0 -10 3
    endloop
  endfacet
  facet normal 0.8577286100002717 0 0.5141027441932225
    outer loop
      vertex -2.6457637930450653 4.236518185551924 -1.4141902104779929
      vertex -2.4944088369076356 4.327236855059139 -1.6667106990588065
      vertex -2.6457637930450653 10 -1.4141902104779929
    endloop
  endfacet
  facet normal 0.9415440651830204 0 0.336889853392221
    outer loop
      vertex -2.8708210071966267 4.088396927333463 -0.870854031763387
      vertex -2.777851165098011 4.157348061512726 -1.1306873339170205
      vertex -2.8708210071966267 10 -0.870854031763387
    endloop
  endfacet
  facet normal 0.9700312531945441 0 0.24298017990326345
    outer loop
      vertex -2.8708210071966267 4.088396927333463 -0.870854031763387
      vertex -2.9423558412096913 10 -0.5852709660483848
      vertex -2.9423558412096913 4.035343078610194 -0.5852709660483848
    endloop
  endfacet
  facet normal 0.9415440651830198 0 0.33688985339222277
    outer loop
      vertex -2.777851165098011 4.157348061512726 -1.1306873339170205
      vertex -2.77163859753386 4.161071731209619 -1.1480502970952693
      vertex -2.77163859753386 10 -1.1480502970952693
    endloop
  endfacet
  facet normal 0.9039892931234439 0 0.42755509343028103
    outer loop
      vertex -2.6457637930450653 4.236518185551924 -1.4141902104779929
      vertex -2.77163859753386 10 -1.1480502970952693
      vertex -2.77163859753386 4.161071731209619 -1.1480502970952693
    endloop
  endfacet
  facet normal 0.989176509964781 0 0.14673047445536164
    outer loop
      vertex -2.9855541800165906 4.003305007036013 -0.2940514209886818
      vertex -2.9423558412096913 4.035343078610194 -0.5852709660483848
      vertex -2.9855541800165906 10 -0.2940514209886818
    endloop
  endfacet
  facet normal 0.9987954562051724 0 0.049067674327418334
    outer loop
      vertex -2.9855541800165906 4.003305007036013 -0.2940514209886818
      vertex -3 10 0
      vertex -3 3.99259125675397 0
    endloop
  endfacet
  facet normal 0.8577286100002716 0 0.5141027441932225
    outer loop
      vertex -2.4944088369076356 4.327236855059139 -1.6667106990588065
      vertex -2.4944088369076356 10 -1.6667106990588065
      vertex -2.6457637930450653 10 -1.4141902104779929
    endloop
  endfacet
  facet normal 0.9039892931234439 0 0.4275550934302809
    outer loop
      vertex -2.6457637930450653 4.236518185551924 -1.4141902104779929
      vertex -2.6457637930450653 10 -1.4141902104779929
      vertex -2.77163859753386 10 -1.1480502970952693
    endloop
  endfacet
  facet normal 0.9700312531945441 0 0.24298017990326343
    outer loop
      vertex -2.8708210071966267 4.088396927333463 -0.870854031763387
      vertex -2.8708210071966267 10 -0.870854031763387
      vertex -2.9423558412096913 10 -0.5852709660483848
    endloop
  endfacet
  facet normal 0.9415440651830205 -5.294595908199408e-18 0.33688985339222116
    outer loop
      vertex -2.777851165098011 4.157348061512726 -1.1306873339170205
      vertex -2.77163859753386 10 -1.1480502970952693
      vertex -2.8708210071966267 10 -0.870854031763387
    endloop
  endfacet
  facet normal 0.9891765099647809 0 0.1467304744553616
    outer loop
      vertex -2.9423558412096913 4.035343078610194 -0.5852709660483848
      vertex -2.9423558412096913 10 -0.5852709660483848
      vertex -2.9855541800165906 10 -0.2940514209886818
    endloop
  endfacet
  facet normal 0.9987954562051724 0 0.049067674327418334
    outer loop
      vertex -2.9855541800165906 4.003305007036013 -0.2940514209886818
      vertex -2.9855541800165906 10 -0.2940514209886818
      vertex -3 10 0
    endloop
  endfacet
  facet normal 0.514102744193222 3.188633513457805e-17 0.8577286100002718
    outer loop
      vertex -1.6667106990588065 4.707670646419607 -2.4944088369076356
      vertex -1.4514233862723116 4.784701678661044 -2.6234470863062263
      vertex -1.4141902104779929 10 -2.6457637930450653
    endloop
  endfacet
  facet normal 0.5141027441932254 0 0.8577286100002698
    outer loop
      vertex -1.4514233862723116 4.784701678661044 -2.6234470863062263
      vertex -1.4141902104779929 4.794028103684031 -2.6457637930450653
      vertex -1.4141902104779929 10 -2.6457637930450653
    endloop
  endfacet
  facet normal 0.42755509343028086 0 0.903989293123444
    outer loop
      vertex -1.4141902104779929 4.794028103684031 -2.6457637930450653
      vertex -1.1480502970952693 4.860692681572847 -2.77163859753386
      vertex -1.1480502970952693 10 -2.77163859753386
    endloop
  endfacet
  facet normal 0.3368898533922206 0 0.9415440651830205
    outer loop
      vertex -1.1480502970952693 4.860692681572847 -2.77163859753386
      vertex -0.9754516100806412 4.903926402016152 -2.833395395239069
      vertex -1.1480502970952693 10 -2.77163859753386
    endloop
  endfacet
  facet normal 0.33688985339222194 0 0.9415440651830201
    outer loop
      vertex -0.9754516100806412 4.903926402016152 -2.833395395239069
      vertex -0.870854031763387 4.919441987089962 -2.8708210071966267
      vertex -0.870854031763387 10 -2.8708210071966267
    endloop
  endfacet
  facet normal 0.24298017990326343 0 0.9700312531945441
    outer loop
      vertex -0.870854031763387 4.919441987089962 -2.8708210071966267
      vertex -0.5852709660483848 4.961804233167026 -2.9423558412096913
      vertex -0.5852709660483848 10 -2.9423558412096913
    endloop
  endfacet
  facet normal 0.14673047445536022 0 0.9891765099647812
    outer loop
      vertex -0.5852709660483848 4.961804233167026 -2.9423558412096913
      vertex -0.490085701647803 4.975923633360985 -2.95647524140365
      vertex -0.5852709660483848 10 -2.9423558412096913
    endloop
  endfacet
  facet normal 0.1467304744553623 0 0.9891765099647809
    outer loop
      vertex -0.490085701647803 4.975923633360985 -2.95647524140365
      vertex -0.2940514209886818 4.985554180016591 -2.9855541800165906
      vertex -0.2940514209886818 10 -2.9855541800165906
    endloop
  endfacet
  facet normal 0.049067674327418334 0 0.9987954562051723
    outer loop
      vertex -0.2940514209886818 4.985554180016591 -2.9855541800165906
      vertex 0 5 -3
      vertex 0 10 -3
    endloop
  endfacet
  facet normal 0.8032075314806455 0 0.5956993044924327
    outer loop
      vertex -2.3569836841299883 4.409606321741776 -1.8520070673665303
      vertex -2.4944088369076356 10 -1.6667106990588065
      vertex -2.4944088369076356 4.327236855059139 -1.6667106990588065
    endloop
  endfacet
  facet normal 0.8032075314806458 0 0.595699304492432
    outer loop
      vertex -2.3569836841299883 4.409606321741776 -1.8520070673665303
      vertex -2.319031360088211 4.42755643417675 -1.9031798524909365
      vertex -2.319031360088211 10 -1.9031798524909365
    endloop
  endfacet
  facet normal 0.7409511253549595 0 0.6715589548470179
    outer loop
      vertex -2.319031360088211 4.42755643417675 -1.9031798524909365
      vertex -2.121320343559643 4.521066780800429 -2.121320343559643
      vertex -2.319031360088211 10 -1.9031798524909365
    endloop
  endfacet
  facet normal 0.6715589548470181 -1.840088693450759e-17 0.7409511253549592
    outer loop
      vertex -2.121320343559643 4.521066780800429 -2.121320343559643
      vertex -1.913417161825449 4.619397662556434 -2.3097528037545025
      vertex -1.9031798524909365 10 -2.319031360088211
    endloop
  endfacet
  facet normal 0.6715589548470128 0 0.7409511253549641
    outer loop
      vertex -1.913417161825449 4.619397662556434 -2.3097528037545025
      vertex -1.9031798524909365 4.623060630407189 -2.319031360088211
      vertex -1.9031798524909365 10 -2.319031360088211
    endloop
  endfacet
  facet normal 0.5956993044924325 0 0.8032075314806455
    outer loop
      vertex -1.9031798524909365 4.623060630407189 -2.319031360088211
      vertex -1.6667106990588065 4.707670646419607 -2.4944088369076356
      vertex -1.6667106990588065 10 -2.4944088369076356
    endloop
  endfacet
  facet normal 0.5141027441932225 0 0.8577286100002716
    outer loop
      vertex -1.6667106990588065 4.707670646419607 -2.4944088369076356
      vertex -1.4141902104779929 10 -2.6457637930450653
      vertex -1.6667106990588065 10 -2.4944088369076356
    endloop
  endfacet
  facet normal 0.4275550934302809 0 0.903989293123444
    outer loop
      vertex -1.4141902104779929 4.794028103684031 -2.6457637930450653
      vertex -1.1480502970952693 10 -2.77163859753386
      vertex -1.4141902104779929 10 -2.6457637930450653
    endloop
  endfacet
  facet normal 0.3368898533922211 1.849983361758526e-17 0.9415440651830204
    outer loop
      vertex -0.9754516100806412 4.903926402016152 -2.833395395239069
      vertex -0.870854031763387 10 -2.8708210071966267
      vertex -1.1480502970952693 10 -2.77163859753386
    endloop
  endfacet
  facet normal 0.2429801799032634 0 0.9700312531945441
    outer loop
      vertex -0.870854031763387 4.919441987089962 -2.8708210071966267
      vertex -0.5852709660483848 10 -2.9423558412096913
      vertex -0.870854031763387 10 -2.8708210071966267
    endloop
  endfacet
  facet normal 0.1467304744553616 2.7561012082920516e-17 0.9891765099647809
    outer loop
      vertex -0.490085701647803 4.975923633360985 -2.95647524140365
      vertex -0.2940514209886818 10 -2.9855541800165906
      vertex -0.5852709660483848 10 -2.9423558412096913
    endloop
  endfacet
  facet normal 0.049067674327418334 0 0.9987954562051724
    outer loop
      vertex -0.2940514209886818 4.985554180016591 -2.9855541800165906
      vertex 0 10 -3
      vertex -0.2940514209886818 10 -2.9855541800165906
    endloop
  endfacet
  facet normal 0.7409511253549595 0 0.6715589548470178
    outer loop
      vertex -2.121320343559643 4.521066780800429 -2.121320343559643
      vertex -2.121320343559643 10 -2.121320343559643
      vertex -2.319031360088211 10 -1.9031798524909365
    endloop
  endfacet
  facet normal 0.6715589548470178 0 0.7409511253549595
    outer loop
      vertex -2.121320343559643 4.521066780800429 -2.121320343559643
      vertex -1.9031798524909365 10 -2.319031360088211
      vertex -2.121320343559643 10 -2.121320343559643
    endloop
  endfacet
  facet normal 0.8032075314806456 6.324007692360118e-18 0.5956993044924325
    outer loop
      vertex -2.3569836841299883 4.409606321741776 -1.8520070673665303
      vertex -2.319031360088211 10 -1.9031798524909365
      vertex -2.4944088369076356 10 -1.6667106990588065
    endloop
  endfacet
  facet normal 0.5956993044924325 0 0.8032075314806455
    outer loop
      vertex -1.9031798524909365 4.623060630407189 -2.319031360088211
      vertex -1.6667106990588065 10 -2.4944088369076356
      vertex -1.9031798524909365 10 -2.319031360088211
    endloop
  endfacet
  facet normal 0.9987954562051724 0 -0.049067674327418334
    outer loop
      vertex -3 3.99259125675397 0
      vertex -3 10 0
      vertex -2.9855541800165906 4.003305007036013 0.2940514209886818
    endloop
  endfacet
  facet normal 0.989176509964781 0 -0.14673047445536164
    outer loop
      vertex -2.9855541800165906 4.003305007036013 0.2940514209886818
      vertex -2.9855541800165906 10 0.2940514209886818
      vertex -2.9423558412096913 4.035343078610194 0.5852709660483848
    endloop
  endfacet
  facet normal 0.9700312531945441 0 -0.24298017990326345
    outer loop
      vertex -2.9423558412096913 4.035343078610194 0.5852709660483848
      vertex -2.9423558412096913 10 0.5852709660483848
      vertex -2.8708210071966267 4.088396927333463 0.870854031763387
    endloop
  endfacet
  facet normal 0.9415440651830204 0 -0.336889853392221
    outer loop
      vertex -2.8708210071966267 4.088396927333463 0.870854031763387
      vertex -2.8708210071966267 10 0.870854031763387
      vertex -2.777851165098011 4.157348061512726 1.1306873339170205
    endloop
  endfacet
  facet normal 0.9415440651830198 -8.372861695761241e-17 -0.33688985339222266
    outer loop
      vertex -2.777851165098011 4.157348061512726 1.1306873339170205
      vertex -2.8708210071966267 10 0.870854031763387
      vertex -2.77163859753386 4.161071731209619 1.1480502970952693
    endloop
  endfacet
  facet normal 0.9039892931234439 0 -0.427555093430281
    outer loop
      vertex -2.77163859753386 4.161071731209619 1.1480502970952693
      vertex -2.77163859753386 10 1.1480502970952693
      vertex -2.6457637930450653 4.236518185551924 1.4141902104779929
    endloop
  endfacet
  facet normal 0.8577286100002717 0 -0.5141027441932225
    outer loop
      vertex -2.6457637930450653 4.236518185551924 1.4141902104779929
      vertex -2.6457637930450653 10 1.4141902104779929
      vertex -2.4944088369076356 4.327236855059139 1.6667106990588065
    endloop
  endfacet
  facet normal 0.9987954562051724 0 -0.049067674327418334
    outer loop
      vertex -2.9855541800165906 4.003305007036013 0.2940514209886818
      vertex -3 10 0
      vertex -2.9855541800165906 10 0.2940514209886818
    endloop
  endfacet
  facet normal 0.9891765099647809 0 -0.1467304744553616
    outer loop
      vertex -2.9423558412096913 4.035343078610194 0.5852709660483848
      vertex -2.9855541800165906 10 0.2940514209886818
      vertex -2.9423558412096913 10 0.5852709660483848
    endloop
  endfacet
  facet normal 0.9700312531945441 0 -0.24298017990326343
    outer loop
      vertex -2.8708210071966267 4.088396927333463 0.870854031763387
      vertex -2.9423558412096913 10 0.5852709660483848
      vertex -2.8708210071966267 10 0.870854031763387
    endloop
  endfacet
  facet normal 0.9415440651830205 0 -0.3368898533922212
    outer loop
      vertex -2.77163859753386 4.161071731209619 1.1480502970952693
      vertex -2.8708210071966267 10 0.870854031763387
      vertex -2.77163859753386 10 1.1480502970952693
    endloop
  endfacet
  facet normal 0.9039892931234439 0 -0.4275550934302809
    outer loop
      vertex -2.6457637930450653 4.236518185551924 1.4141902104779929
      vertex -2.77163859753386 10 1.1480502970952693
      vertex -2.6457637930450653 10 1.4141902104779929
    endloop
  endfacet
  facet normal 0.8577286100002716 0 -0.5141027441932225
    outer loop
      vertex -2.4944088369076356 4.327236855059139 1.6667106990588065
      vertex -2.6457637930450653 10 1.4141902104779929
      vertex -2.4944088369076356 10 1.6667106990588065
    endloop
  endfacet
  facet normal 0.8032075314806455 0 -0.5956993044924326
    outer loop
      vertex -2.4944088369076356 4.327236855059139 1.6667106990588065
      vertex -2.4944088369076356 10 1.6667106990588065
      vertex -2.3569836841299883 4.409606321741776 1.8520070673665303
    endloop
  endfacet
  facet normal 0.8032075314806459 2.888734262199702e-17 -0.5956993044924321
    outer loop
      vertex -2.3569836841299883 4.409606321741776 1.8520070673665303
      vertex -2.4944088369076356 10 1.6667106990588065
      vertex -2.319031360088211 4.42755643417675 1.9031798524909365
    endloop
  endfacet
  facet normal 0.7409511253549595 0 -0.6715589548470179
    outer loop
      vertex -2.319031360088211 4.42755643417675 1.9031798524909365
      vertex -2.319031360088211 10 1.9031798524909365
      vertex -2.121320343559643 4.521066780800429 2.121320343559643
    endloop
  endfacet
  facet normal 0.6715589548470181 0 -0.7409511253549594
    outer loop
      vertex -2.121320343559643 4.521066780800429 2.121320343559643
      vertex -2.121320343559643 10 2.121320343559643
      vertex -1.913417161825449 4.619397662556434 2.3097528037545025
    endloop
  endfacet
  facet normal 0.671558954847013 -3.6538748183448023e-16 -0.7409511253549641
    outer loop
      vertex -1.913417161825449 4.619397662556434 2.3097528037545025
      vertex -2.121320343559643 10 2.121320343559643
      vertex -1.9031798524909365 4.623060630407189 2.319031360088211
    endloop
  endfacet
  facet normal 0.5956993044924325 0 -0.8032075314806455
    outer loop
      vertex -1.9031798524909365 4.623060630407189 2.319031360088211
      vertex -1.9031798524909365 10 2.319031360088211
      vertex -1.6667106990588065 4.707670646419607 2.4944088369076356
    endloop
  endfacet
  facet normal 0.514102744193222 0 -0.8577286100002718
    outer loop
      vertex -1.6667106990588065 4.707670646419607 2.4944088369076356
      vertex -1.6667106990588065 10 2.4944088369076356
      vertex -1.4514233862723116 4.784701678661044 2.6234470863062263
    endloop
  endfacet
  facet normal 0.5141027441932254 1.9339422856331942e-16 -0.8577286100002699
    outer loop
      vertex -1.4514233862723116 4.784701678661044 2.6234470863062263
      vertex -1.6667106990588065 10 2.4944088369076356
      vertex -1.4141902104779929 4.794028103684031 2.6457637930450653
    endloop
  endfacet
  facet normal 0.4275550934302809 0 -0.903989293123444
    outer loop
      vertex -1.4141902104779929 4.794028103684031 2.6457637930450653
      vertex -1.4141902104779929 10 2.6457637930450653
      vertex -1.1480502970952693 4.860692681572847 2.77163859753386
    endloop
  endfacet
  facet normal 0.3368898533922206 0 -0.9415440651830205
    outer loop
      vertex -1.1480502970952693 4.860692681572847 2.77163859753386
      vertex -1.1480502970952693 10 2.77163859753386
      vertex -0.9754516100806412 4.903926402016152 2.833395395239069
    endloop
  endfacet
  facet normal 0.33688985339222194 4.87817236089756e-17 -0.9415440651830203
    outer loop
      vertex -0.9754516100806412 4.903926402016152 2.833395395239069
      vertex -1.1480502970952693 10 2.77163859753386
      vertex -0.870854031763387 4.919441987089962 2.8708210071966267
    endloop
  endfacet
  facet normal 0.2429801799032634 0 -0.9700312531945441
    outer loop
      vertex -0.870854031763387 4.919441987089962 2.8708210071966267
      vertex -0.870854031763387 10 2.8708210071966267
      vertex -0.5852709660483848 4.961804233167026 2.9423558412096913
    endloop
  endfacet
  facet normal 0.14673047445536022 0 -0.9891765099647812
    outer loop
      vertex -0.5852709660483848 4.961804233167026 2.9423558412096913
      vertex -0.5852709660483848 10 2.9423558412096913
      vertex -0.490085701647803 4.975923633360985 2.95647524140365
    endloop
  endfacet
  facet normal 0.14673047445536228 4.0905304149561244e-17 -0.9891765099647808
    outer loop
      vertex -0.490085701647803 4.975923633360985 2.95647524140365
      vertex -0.5852709660483848 10 2.9423558412096913
      vertex -0.2940514209886818 4.985554180016591 2.9855541800165906
    endloop
  endfacet
  facet normal 0.049067674327418334 0 -0.9987954562051724
    outer loop
      vertex -0.2940514209886818 4.985554180016591 2.9855541800165906
      vertex -0.2940514209886818 10 2.9855541800165906
      vertex 0 5 3
    endloop
  endfacet
  facet normal 0.8032075314806456 0 -0.5956993044924325
    outer loop
      vertex -2.319031360088211 4.42755643417675 1.9031798524909365
      vertex -2.4944088369076356 10 1.6667106990588065
      vertex -2.319031360088211 10 1.9031798524909365
    endloop
  endfacet
  facet normal 0.7409511253549595 0 -0.6715589548470178
    outer loop
      vertex -2.121320343559643 4.521066780800429 2.121320343559643
      vertex -2.319031360088211 10 1.9031798524909365
      vertex -2.121320343559643 10 2.121320343559643
    endloop
  endfacet
  facet normal 0.6715589548470179 0 -0.7409511253549597
    outer loop
      vertex -1.9031798524909365 4.623060630407189 2.319031360088211
      vertex -2.121320343559643 10 2.121320343559643
      vertex -1.9031798524909365 10 2.319031360088211
    endloop
  endfacet
  facet normal 0.5956993044924325 0 -0.8032075314806455
    outer loop
      vertex -1.6667106990588065 4.707670646419607 2.4944088369076356
      vertex -1.9031798524909365 10 2.319031360088211
      vertex -1.6667106990588065 10 2.4944088369076356
    endloop
  endfacet
  facet normal 0.5141027441932225 0 -0.8577286100002716
    outer loop
      vertex -1.4141902104779929 4.794028103684031 2.6457637930450653
      vertex -1.6667106990588065 10 2.4944088369076356
      vertex -1.4141902104779929 10 2.6457637930450653
    endloop
  endfacet
  facet normal 0.4275550934302809 0 -0.9039892931234438
    outer loop
      vertex -1.1480502970952693 4.860692681572847 2.77163859753386
      vertex -1.4141902104779929 10 2.6457637930450653
      vertex -1.1480502970952693 10 2.77163859753386
    endloop
  endfacet
  facet normal 0.33688985339222116 0 -0.9415440651830205
    outer loop
      vertex -0.870854031763387 4.919441987089962 2.8708210071966267
      vertex -1.1480502970952693 10 2.77163859753386
      vertex -0.870854031763387 10 2.8708210071966267
    endloop
  endfacet
  facet normal 0.24298017990326343 0 -0.9700312531945441
    outer loop
      vertex -0.5852709660483848 4.961804233167026 2.9423558412096913
      vertex -0.870854031763387 10 2.8708210071966267
      vertex -0.5852709660483848 10 2.9423558412096913
    endloop
  endfacet
  facet normal 0.1467304744553616 0 -0.989176509964781
    outer loop
      vertex -0.2940514209886818 4.985554180016591 2.9855541800165906
      vertex -0.5852709660483848 10 2.9423558412096913
      vertex -0.2940514209886818 10 2.9855541800165906
    endloop
  endfacet
  facet normal 0.049067674327418334 0 -0.9987954562051723
    outer loop
      vertex 0 5 3
      vertex -0.2940514209886818 10 2.9855541800165906
      vertex 0 10 3
    endloop
  endfacet
  facet normal -0.049067674327418334 0 0.9987954562051724
    outer loop
      vertex 0.2940514209886818 -4.985554180016591 -2.9855541800165906
      vertex 0 -10 -3
      vertex 0.2940514209886818 -10 -2.9855541800165906
    endloop
  endfacet
  facet normal -0.1467304744553616 -2.7561012082920516e-17 0.9891765099647809
    outer loop
      vertex 0.490085701647803 -4.975923633360985 -2.95647524140365
      vertex 0.2940514209886818 -10 -2.9855541800165906
      vertex 0.5852709660483848 -10 -2.9423558412096913
    endloop
  endfacet
  facet normal -0.2429801799032634 0 0.9700312531945441
    outer loop
      vertex 0.870854031763387 -4.919441987089962 -2.8708210071966267
      vertex 0.5852709660483848 -10 -2.9423558412096913
      vertex 0.870854031763387 -10 -2.8708210071966267
    endloop
  endfacet
  facet normal -0.3368898533922211 -1.849983361758526e-17 0.9415440651830204
    outer loop
      vertex 0.9754516100806412 -4.903926402016152 -2.833395395239069
      vertex 0.870854031763387 -10 -2.8708210071966267
      vertex 1.1480502970952693 -10 -2.77163859753386
    endloop
  endfacet
  facet normal -0.4275550934302809 0 0.903989293123444
    outer loop
      vertex 1.4141902104779929 -4.794028103684031 -2.6457637930450653
      vertex 1.1480502970952693 -10 -2.77163859753386
      vertex 1.4141902104779929 -10 -2.6457637930450653
    endloop
  endfacet
  facet normal -0.5141027441932225 0 0.8577286100002716
    outer loop
      vertex 1.6667106990588065 -4.707670646419607 -2.4944088369076356
      vertex 1.4141902104779929 -10 -2.6457637930450653
      vertex 1.6667106990588065 -10 -2.4944088369076356
    endloop
  endfacet
  facet normal -0.5956993044924325 0 0.8032075314806455
    outer loop
      vertex 1.9031798524909365 -4.623060630407189 -2.319031360088211
      vertex 1.6667106990588065 -10 -2.4944088369076356
      vertex 1.9031798524909365 -10 -2.319031360088211
    endloop
  endfacet
  facet normal -0.6715589548470178 0 0.7409511253549595
    outer loop
      vertex 2.121320343559643 -4.521066780800429 -2.121320343559643
      vertex 1.9031798524909365 -10 -2.319031360088211
      vertex 2.121320343559643 -10 -2.121320343559643
    endloop
  endfacet
  facet normal -0.7409511253549595 0 0.6715589548470178
    outer loop
      vertex 2.121320343559643 -4.521066780800429 -2.121320343559643
      vertex 2.121320343559643 -10 -2.121320343559643
      vertex 2.319031360088211 -10 -1.9031798524909365
    endloop
  endfacet
  facet normal -0.8032075314806456 -6.324007692360118e-18 0.5956993044924325
    outer loop
      vertex 2.3569836841299883 -4.409606321741776 -1.8520070673665303
      vertex 2.319031360088211 -10 -1.9031798524909365
      vertex 2.4944088369076356 -10 -1.6667106990588065
    endloop
  endfacet
  facet normal -0.049067674327418334 0 0.9987954562051723
    outer loop
      vertex 0 -5 -3
      vertex 0 -10 -3
      vertex 0.2940514209886818 -4.985554180016591 -2.9855541800165906
    endloop
  endfacet
  facet normal -0.14673047445536233 0 0.9891765099647809
    outer loop
      vertex 0.2940514209886818 -4.985554180016591 -2.9855541800165906
      vertex 0.2940514209886818 -10 -2.9855541800165906
      vertex 0.490085701647803 -4.975923633360985 -2.95647524140365
    endloop
  endfacet
  facet normal -0.14673047445536022 0 0.9891765099647812
    outer loop
      vertex 0.490085701647803 -4.975923633360985 -2.95647524140365
      vertex 0.5852709660483848 -10 -2.9423558412096913
      vertex 0.5852709660483848 -4.961804233167026 -2.9423558412096913
    endloop
  endfacet
  facet normal -0.24298017990326343 0 0.9700312531945441
    outer loop
      vertex 0.5852709660483848 -4.961804233167026 -2.9423558412096913
      vertex 0.5852709660483848 -10 -2.9423558412096913
      vertex 0.870854031763387 -4.919441987089962 -2.8708210071966267
    endloop
  endfacet
  facet normal -0.336889853392222 0 0.9415440651830201
    outer loop
      vertex 0.870854031763387 -4.919441987089962 -2.8708210071966267
      vertex 0.870854031763387 -10 -2.8708210071966267
      vertex 0.9754516100806412 -4.903926402016152 -2.833395395239069
    endloop
  endfacet
  facet normal -0.3368898533922206 0 0.9415440651830205
    outer loop
      vertex 0.9754516100806412 -4.903926402016152 -2.833395395239069
      vertex 1.1480502970952693 -10 -2.77163859753386
      vertex 1.1480502970952693 -4.860692681572847 -2.77163859753386
    endloop
  endfacet
  facet normal -0.4275550934302809 0 0.9039892931234438
    outer loop
      vertex 1.1480502970952693 -4.860692681572847 -2.77163859753386
      vertex 1.1480502970952693 -10 -2.77163859753386
      vertex 1.4141902104779929 -4.794028103684031 -2.6457637930450653
    endloop
  endfacet
  facet normal -0.5141027441932255 0 0.8577286100002698
    outer loop
      vertex 1.4141902104779929 -4.794028103684031 -2.6457637930450653
      vertex 1.4141902104779929 -10 -2.6457637930450653
      vertex 1.4514233862723116 -4.784701678661044 -2.6234470863062263
    endloop
  endfacet
  facet normal -0.514102744193222 -3.387923108048917e-17 0.857728610000272
    outer loop
      vertex 1.4514233862723116 -4.784701678661044 -2.6234470863062263
      vertex 1.4141902104779929 -10 -2.6457637930450653
      vertex 1.6667106990588065 -4.707670646419607 -2.4944088369076356
    endloop
  endfacet
  facet normal -0.5956993044924325 0 0.8032075314806455
    outer loop
      vertex 1.6667106990588065 -4.707670646419607 -2.4944088369076356
      vertex 1.6667106990588065 -10 -2.4944088369076356
      vertex 1.9031798524909365 -4.623060630407189 -2.319031360088211
    endloop
  endfacet
  facet normal -0.6715589548470128 0 0.7409511253549642
    outer loop
      vertex 1.9031798524909365 -4.623060630407189 -2.319031360088211
      vertex 1.9031798524909365 -10 -2.319031360088211
      vertex 1.913417161825449 -4.619397662556434 -2.3097528037545025
    endloop
  endfacet
  facet normal -0.671558954847018 1.825713000533175e-17 0.7409511253549594
    outer loop
      vertex 1.913417161825449 -4.619397662556434 -2.3097528037545025
      vertex 1.9031798524909365 -10 -2.319031360088211
      vertex 2.121320343559643 -4.521066780800429 -2.121320343559643
    endloop
  endfacet
  facet normal -0.7409511253549597 0 0.6715589548470178
    outer loop
      vertex 2.121320343559643 -4.521066780800429 -2.121320343559643
      vertex 2.319031360088211 -10 -1.9031798524909365
      vertex 2.319031360088211 -4.42755643417675 -1.9031798524909365
    endloop
  endfacet
  facet normal -0.8032075314806458 0 0.595699304492432
    outer loop
      vertex 2.319031360088211 -4.42755643417675 -1.9031798524909365
      vertex 2.319031360088211 -10 -1.9031798524909365
      vertex 2.3569836841299883 -4.409606321741776 -1.8520070673665303
    endloop
  endfacet
  facet normal -0.8032075314806455 0 0.5956993044924327
    outer loop
      vertex 2.3569836841299883 -4.409606321741776 -1.8520070673665303
      vertex 2.4944088369076356 -10 -1.6667106990588065
      vertex 2.4944088369076356 -4.327236855059139 -1.6667106990588065
    endloop
  endfacet
  facet normal -0.8577286100002716 0 0.5141027441932225
    outer loop
      vertex 2.4944088369076356 -4.327236855059139 -1.6667106990588065
      vertex 2.4944088369076356 -10 -1.6667106990588065
      vertex 2.6457637930450653 -10 -1.4141902104779929
    endloop
  endfacet
  facet normal -0.9039892931234439 0 0.4275550934302809
    outer loop
      vertex 2.6457637930450653 -4.236518185551924 -1.4141902104779929
      vertex 2.6457637930450653 -10 -1.4141902104779929
      vertex 2.77163859753386 -10 -1.1480502970952693
    endloop
  endfacet
  facet normal -0.9415440651830205 5.294595908199408e-18 0.33688985339222116
    outer loop
      vertex 2.777851165098011 -4.157348061512726 -1.1306873339170205
      vertex 2.77163859753386 -10 -1.1480502970952693
      vertex 2.8708210071966267 -10 -0.870854031763387
    endloop
  endfacet
  facet normal -0.9700312531945441 0 0.24298017990326343
    outer loop
      vertex 2.8708210071966267 -4.088396927333463 -0.870854031763387
      vertex 2.8708210071966267 -10 -0.870854031763387
      vertex 2.9423558412096913 -10 -0.5852709660483848
    endloop
  endfacet
  facet normal -0.9891765099647809 0 0.1467304744553616
    outer loop
      vertex 2.9423558412096913 -4.035343078610194 -0.5852709660483848
      vertex 2.9423558412096913 -10 -0.5852709660483848
      vertex 2.9855541800165906 -10 -0.2940514209886818
    endloop
  endfacet
  facet normal -0.9987954562051724 0 0.049067674327418334
    outer loop
      vertex 2.9855541800165906 -4.003305007036013 -0.2940514209886818
      vertex 2.9855541800165906 -10 -0.2940514209886818
      vertex 3 -10 0
    endloop
  endfacet
  facet normal -0.8577286100002717 0 0.5141027441932225
    outer loop
      vertex 2.4944088369076356 -4.327236855059139 -1.6667106990588065
      vertex 2.6457637930450653 -10 -1.4141902104779929
      vertex 2.6457637930450653 -4.236518185551924 -1.4141902104779929
    endloop
  endfacet
  facet normal -0.9039892931234439 0 0.42755509343028103
    outer loop
      vertex 2.6457637930450653 -4.236518185551924 -1.4141902104779929
      vertex 2.77163859753386 -10 -1.1480502970952693
      vertex 2.77163859753386 -4.161071731209619 -1.1480502970952693
    endloop
  endfacet
  facet normal -0.9415440651830198 0 0.33688985339222277
    outer loop
      vertex 2.77163859753386 -4.161071731209619 -1.1480502970952693
      vertex 2.77163859753386 -10 -1.1480502970952693
      vertex 2.777851165098011 -4.157348061512726 -1.1306873339170205
    endloop
  endfacet
  facet normal -0.9415440651830204 0 0.336889853392221
    outer loop
      vertex 2.777851165098011 -4.157348061512726 -1.1306873339170205
      vertex 2.8708210071966267 -10 -0.870854031763387
      vertex 2.8708210071966267 -4.088396927333463 -0.870854031763387
    endloop
  endfacet
  facet normal -0.9700312531945441 0 0.24298017990326345
    outer loop
      vertex 2.8708210071966267 -4.088396927333463 -0.870854031763387
      vertex 2.9423558412096913 -10 -0.5852709660483848
      vertex 2.9423558412096913 -4.035343078610194 -0.5852709660483848
    endloop
  endfacet
  facet normal -0.989176509964781 0 0.1467304744553616
    outer loop
      vertex 2.9423558412096913 -4.035343078610194 -0.5852709660483848
      vertex 2.9855541800165906 -10 -0.2940514209886818
      vertex 2.9855541800165906 -4.003305007036013 -0.2940514209886818
    endloop
  endfacet
  facet normal -0.9987954562051724 0 0.049067674327418334
    outer loop
      vertex 2.9855541800165906 -4.003305007036013 -0.2940514209886818
      vertex 3 -10 0
      vertex 3 -3.99259125675397 0
    endloop
  endfacet
  facet normal -0.5956993044924325 0 -0.8032075314806455
    outer loop
      vertex 1.6667106990588065 -4.707670646419607 2.4944088369076356
      vertex 1.9031798524909365 -10 2.319031360088211
      vertex 1.6667106990588065 -10 2.4944088369076356
    endloop
  endfacet
  facet normal -0.8032075314806456 0 -0.5956993044924325
    outer loop
      vertex 2.319031360088211 -4.42755643417675 1.9031798524909365
      vertex 2.4944088369076356 -10 1.6667106990588065
      vertex 2.319031360088211 -10 1.9031798524909365
    endloop
  endfacet
  facet normal -0.7409511253549595 0 -0.6715589548470178
    outer loop
      vertex 2.121320343559643 -4.521066780800429 2.121320343559643
      vertex 2.319031360088211 -10 1.9031798524909365
      vertex 2.121320343559643 -10 2.121320343559643
    endloop
  endfacet
  facet normal -0.6715589548470179 0 -0.7409511253549597
    outer loop
      vertex 1.9031798524909365 -4.623060630407189 2.319031360088211
      vertex 2.121320343559643 -10 2.121320343559643
      vertex 1.9031798524909365 -10 2.319031360088211
    endloop
  endfacet
  facet normal -0.049067674327418334 0 -0.9987954562051723
    outer loop
      vertex 0 -5 3
      vertex 0.2940514209886818 -10 2.9855541800165906
      vertex 0 -10 3
    endloop
  endfacet
  facet normal -0.1467304744553616 0 -0.989176509964781
    outer loop
      vertex 0.2940514209886818 -4.985554180016591 2.9855541800165906
      vertex 0.5852709660483848 -10 2.9423558412096913
      vertex 0.2940514209886818 -10 2.9855541800165906
    endloop
  endfacet
  facet normal -0.24298017990326343 0 -0.9700312531945441
    outer loop
      vertex 0.5852709660483848 -4.961804233167026 2.9423558412096913
      vertex 0.870854031763387 -10 2.8708210071966267
      vertex 0.5852709660483848 -10 2.9423558412096913
    endloop
  endfacet
  facet normal -0.4275550934302809 0 -0.9039892931234438
    outer loop
      vertex 1.1480502970952693 -4.860692681572847 2.77163859753386
      vertex 1.4141902104779929 -10 2.6457637930450653
      vertex 1.1480502970952693 -10 2.77163859753386
    endloop
  endfacet
  facet normal -0.33688985339222116 0 -0.9415440651830205
    outer loop
      vertex 0.870854031763387 -4.919441987089962 2.8708210071966267
      vertex 1.1480502970952693 -10 2.77163859753386
      vertex 0.870854031763387 -10 2.8708210071966267
    endloop
  endfacet
  facet normal -0.5141027441932225 0 -0.8577286100002716
    outer loop
      vertex 1.4141902104779929 -4.794028103684031 2.6457637930450653
      vertex 1.6667106990588065 -10 2.4944088369076356
      vertex 1.4141902104779929 -10 2.6457637930450653
    endloop
  endfacet
  facet normal -0.5956993044924325 0 -0.8032075314806455
    outer loop
      vertex 1.6667106990588065 -4.707670646419607 2.4944088369076356
      vertex 1.9031798524909365 -4.623060630407189 2.319031360088211
      vertex 1.9031798524909365 -10 2.319031360088211
    endloop
  endfacet
  facet normal -0.8032075314806459 -2.888734262199702e-17 -0.5956993044924321
    outer loop
      vertex 2.319031360088211 -4.42755643417675 1.9031798524909365
      vertex 2.3569836841299883 -4.409606321741776 1.8520070673665303
      vertex 2.4944088369076356 -10 1.6667106990588065
    endloop
  endfacet
  facet normal -0.6715589548470181 0 -0.7409511253549594
    outer loop
      vertex 1.913417161825449 -4.619397662556434 2.3097528037545025
      vertex 2.121320343559643 -4.521066780800429 2.121320343559643
      vertex 2.121320343559643 -10 2.121320343559643
    endloop
  endfacet
  facet normal -0.6715589548470129 3.6251041504838195e-16 -0.7409511253549641
    outer loop
      vertex 1.9031798524909365 -4.623060630407189 2.319031360088211
      vertex 1.913417161825449 -4.619397662556434 2.3097528037545025
      vertex 2.121320343559643 -10 2.121320343559643
    endloop
  endfacet
  facet normal -0.7409511253549597 0 -0.6715589548470178
    outer loop
      vertex 2.121320343559643 -4.521066780800429 2.121320343559643
      vertex 2.319031360088211 -4.42755643417675 1.9031798524909365
      vertex 2.319031360088211 -10 1.9031798524909365
    endloop
  endfacet
  facet normal -0.8032075314806455 0 -0.5956993044924326
    outer loop
      vertex 2.4944088369076356 -4.327236855059139 1.6667106990588065
      vertex 2.4944088369076356 -10 1.6667106990588065
      vertex 2.3569836841299883 -4.409606321741776 1.8520070673665303
    endloop
  endfacet
  facet normal -0.049067674327418334 0 -0.9987954562051724
    outer loop
      vertex 0 -5 3
      vertex 0.2940514209886818 -4.985554180016591 2.9855541800165906
      vertex 0.2940514209886818 -10 2.9855541800165906
    endloop
  endfacet
  facet normal -0.1467304744553623 -4.0034978529357815e-17 -0.9891765099647808
    outer loop
      vertex 0.2940514209886818 -4.985554180016591 2.9855541800165906
      vertex 0.490085701647803 -4.975923633360985 2.95647524140365
      vertex 0.5852709660483848 -10 2.9423558412096913
    endloop
  endfacet
  facet normal -0.14673047445536022 0 -0.9891765099647812
    outer loop
      vertex 0.490085701647803 -4.975923633360985 2.95647524140365
      vertex 0.5852709660483848 -4.961804233167026 2.9423558412096913
      vertex 0.5852709660483848 -10 2.9423558412096913
    endloop
  endfacet
  facet normal -0.2429801799032634 0 -0.9700312531945441
    outer loop
      vertex 0.5852709660483848 -4.961804233167026 2.9423558412096913
      vertex 0.870854031763387 -4.919441987089962 2.8708210071966267
      vertex 0.870854031763387 -10 2.8708210071966267
    endloop
  endfacet
  facet normal -0.3368898533922206 0 -0.9415440651830205
    outer loop
      vertex 0.9754516100806412 -4.903926402016152 2.833395395239069
      vertex 1.1480502970952693 -4.860692681572847 2.77163859753386
      vertex 1.1480502970952693 -10 2.77163859753386
    endloop
  endfacet
  facet normal -0.33688985339222194 -4.87817236089756e-17 -0.94154406518302
    outer loop
      vertex 0.870854031763387 -4.919441987089962 2.8708210071966267
      vertex 0.9754516100806412 -4.903926402016152 2.833395395239069
      vertex 1.1480502970952693 -10 2.77163859753386
    endloop
  endfacet
  facet normal -0.427555093430281 0 -0.9039892931234438
    outer loop
      vertex 1.1480502970952693 -4.860692681572847 2.77163859753386
      vertex 1.4141902104779929 -4.794028103684031 2.6457637930450653
      vertex 1.4141902104779929 -10 2.6457637930450653
    endloop
  endfacet
  facet normal -0.5141027441932254 -1.9339422856331942e-16 -0.8577286100002698
    outer loop
      vertex 1.4141902104779929 -4.794028103684031 2.6457637930450653
      vertex 1.4514233862723116 -4.784701678661044 2.6234470863062263
      vertex 1.6667106990588065 -10 2.4944088369076356
    endloop
  endfacet
  facet normal -0.514102744193222 0 -0.8577286100002719
    outer loop
      vertex 1.4514233862723116 -4.784701678661044 2.6234470863062263
      vertex 1.6667106990588065 -4.707670646419607 2.4944088369076356
      vertex 1.6667106990588065 -10 2.4944088369076356
    endloop
  endfacet
  facet normal -0.9987954562051724 0 -0.049067674327418334
    outer loop
      vertex 2.9855541800165906 -4.003305007036013 0.2940514209886818
      vertex 3 -10 0
      vertex 2.9855541800165906 -10 0.2940514209886818
    endloop
  endfacet
  facet normal -0.9891765099647809 0 -0.1467304744553616
    outer loop
      vertex 2.9423558412096913 -4.035343078610194 0.5852709660483848
      vertex 2.9855541800165906 -10 0.2940514209886818
      vertex 2.9423558412096913 -10 0.5852709660483848
    endloop
  endfacet
  facet normal -0.9415440651830205 0 -0.3368898533922212
    outer loop
      vertex 2.77163859753386 -4.161071731209619 1.1480502970952693
      vertex 2.8708210071966267 -10 0.870854031763387
      vertex 2.77163859753386 -10 1.1480502970952693
    endloop
  endfacet
  facet normal -0.9700312531945441 0 -0.24298017990326343
    outer loop
      vertex 2.8708210071966267 -4.088396927333463 0.870854031763387
      vertex 2.9423558412096913 -10 0.5852709660483848
      vertex 2.8708210071966267 -10 0.870854031763387
    endloop
  endfacet
  facet normal -0.9039892931234439 0 -0.4275550934302809
    outer loop
      vertex 2.6457637930450653 -4.236518185551924 1.4141902104779929
      vertex 2.77163859753386 -10 1.1480502970952693
      vertex 2.6457637930450653 -10 1.4141902104779929
    endloop
  endfacet
  facet normal -0.8577286100002716 0 -0.5141027441932225
    outer loop
      vertex 2.4944088369076356 -4.327236855059139 1.6667106990588065
      vertex 2.6457637930450653 -10 1.4141902104779929
      vertex 2.4944088369076356 -10 1.6667106990588065
    endloop
  endfacet
  facet normal -0.9987954562051724 0 -0.049067674327418334
    outer loop
      vertex 3 -3.99259125675397 0
      vertex 3 -10 0
      vertex 2.9855541800165906 -4.003305007036013 0.2940514209886818
    endloop
  endfacet
  facet normal -0.989176509964781 0 -0.1467304744553616
    outer loop
      vertex 2.9423558412096913 -4.035343078610194 0.5852709660483848
      vertex 2.9855541800165906 -4.003305007036013 0.2940514209886818
      vertex 2.9855541800165906 -10 0.2940514209886818
    endloop
  endfacet
  facet normal -0.9415440651830198 8.372861695761241e-17 -0.33688985339222277
    outer loop
      vertex 2.77163859753386 -4.161071731209619 1.1480502970952693
      vertex 2.777851165098011 -4.157348061512726 1.1306873339170205
      vertex 2.8708210071966267 -10 0.870854031763387
    endloop
  endfacet
  facet normal -0.9039892931234439 0 -0.427555093430281
    outer loop
      vertex 2.77163859753386 -4.161071731209619 1.1480502970952693
      vertex 2.77163859753386 -10 1.1480502970952693
      vertex 2.6457637930450653 -4.236518185551924 1.4141902104779929
    endloop
  endfacet
  facet normal -0.9700312531945441 0 -0.24298017990326345
    outer loop
      vertex 2.9423558412096913 -4.035343078610194 0.5852709660483848
      vertex 2.9423558412096913 -10 0.5852709660483848
      vertex 2.8708210071966267 -4.088396927333463 0.870854031763387
    endloop
  endfacet
  facet normal -0.9415440651830204 0 -0.336889853392221
    outer loop
      vertex 2.777851165098011 -4.157348061512726 1.1306873339170205
      vertex 2.8708210071966267 -4.088396927333463 0.870854031763387
      vertex 2.8708210071966267 -10 0.870854031763387
    endloop
  endfacet
  facet normal -0.8577286100002717 0 -0.5141027441932225
    outer loop
      vertex 2.4944088369076356 -4.327236855059139 1.6667106990588065
      vertex 2.6457637930450653 -4.236518185551924 1.4141902104779929
      vertex 2.6457637930450653 -10 1.4141902104779929
    endloop
  endfacet
  facet normal -0.049067674327418334 0 0.9987954562051724
    outer loop
      vertex 0 5 -3
      vertex 0.2940514209886818 4.985554180016591 -2.9855541800165906
      vertex 0.2940514209886818 10 -2.9855541800165906
    endloop
  endfacet
  facet normal -0.1467304744553623 4.0034978529357815e-17 0.9891765099647808
    outer loop
      vertex 0.2940514209886818 4.985554180016591 -2.9855541800165906
      vertex 0.490085701647803 4.975923633360985 -2.95647524140365
      vertex 0.5852709660483848 10 -2.9423558412096913
    endloop
  endfacet
  facet normal -0.14673047445536022 0 0.9891765099647812
    outer loop
      vertex 0.490085701647803 4.975923633360985 -2.95647524140365
      vertex 0.5852709660483848 4.961804233167026 -2.9423558412096913
      vertex 0.5852709660483848 10 -2.9423558412096913
    endloop
  endfacet
  facet normal -0.2429801799032634 0 0.9700312531945441
    outer loop
      vertex 0.5852709660483848 4.961804233167026 -2.9423558412096913
      vertex 0.870854031763387 4.919441987089962 -2.8708210071966267
      vertex 0.870854031763387 10 -2.8708210071966267
    endloop
  endfacet
  facet normal -0.33688985339222194 4.87817236089756e-17 0.94154406518302
    outer loop
      vertex 0.870854031763387 4.919441987089962 -2.8708210071966267
      vertex 0.9754516100806412 4.903926402016152 -2.833395395239069
      vertex 1.1480502970952693 10 -2.77163859753386
    endloop
  endfacet
  facet normal -0.3368898533922206 0 0.9415440651830205
    outer loop
      vertex 0.9754516100806412 4.903926402016152 -2.833395395239069
      vertex 1.1480502970952693 4.860692681572847 -2.77163859753386
      vertex 1.1480502970952693 10 -2.77163859753386
    endloop
  endfacet
  facet normal -0.427555093430281 0 0.9039892931234438
    outer loop
      vertex 1.1480502970952693 4.860692681572847 -2.77163859753386
      vertex 1.4141902104779929 4.794028103684031 -2.6457637930450653
      vertex 1.4141902104779929 10 -2.6457637930450653
    endloop
  endfacet
  facet normal -0.5141027441932254 1.9339422856331942e-16 0.8577286100002698
    outer loop
      vertex 1.4141902104779929 4.794028103684031 -2.6457637930450653
      vertex 1.4514233862723116 4.784701678661044 -2.6234470863062263
      vertex 1.6667106990588065 10 -2.4944088369076356
    endloop
  endfacet
  facet normal -0.514102744193222 0 0.8577286100002719
    outer loop
      vertex 1.4514233862723116 4.784701678661044 -2.6234470863062263
      vertex 1.6667106990588065 4.707670646419607 -2.4944088369076356
      vertex 1.6667106990588065 10 -2.4944088369076356
    endloop
  endfacet
  facet normal -0.8032075314806455 0 0.5956993044924327
    outer loop
      vertex 2.3569836841299883 4.409606321741776 -1.8520070673665303
      vertex 2.4944088369076356 4.327236855059139 -1.6667106990588065
      vertex 2.4944088369076356 10 -1.6667106990588065
    endloop
  endfacet
  facet normal -0.5956993044924325 0 0.8032075314806455
    outer loop
      vertex 1.6667106990588065 4.707670646419607 -2.4944088369076356
      vertex 1.9031798524909365 4.623060630407189 -2.319031360088211
      vertex 1.9031798524909365 10 -2.319031360088211
    endloop
  endfacet
  facet normal -0.6715589548470129 -3.6251041504838195e-16 0.7409511253549641
    outer loop
      vertex 1.9031798524909365 4.623060630407189 -2.319031360088211
      vertex 1.913417161825449 4.619397662556434 -2.3097528037545025
      vertex 2.121320343559643 10 -2.121320343559643
    endloop
  endfacet
  facet normal -0.6715589548470181 0 0.7409511253549594
    outer loop
      vertex 1.913417161825449 4.619397662556434 -2.3097528037545025
      vertex 2.121320343559643 4.521066780800429 -2.121320343559643
      vertex 2.121320343559643 10 -2.121320343559643
    endloop
  endfacet
  facet normal -0.7409511253549597 0 0.6715589548470178
    outer loop
      vertex 2.121320343559643 4.521066780800429 -2.121320343559643
      vertex 2.319031360088211 4.42755643417675 -1.9031798524909365
      vertex 2.319031360088211 10 -1.9031798524909365
    endloop
  endfacet
  facet normal -0.8032075314806459 2.888734262199702e-17 0.5956993044924321
    outer loop
      vertex 2.319031360088211 4.42755643417675 -1.9031798524909365
      vertex 2.3569836841299883 4.409606321741776 -1.8520070673665303
      vertex 2.4944088369076356 10 -1.6667106990588065
    endloop
  endfacet
  facet normal -0.049067674327418334 0 0.9987954562051723
    outer loop
      vertex 0 5 -3
      vertex 0.2940514209886818 10 -2.9855541800165906
      vertex 0 10 -3
    endloop
  endfacet
  facet normal -0.1467304744553616 0 0.989176509964781
    outer loop
      vertex 0.2940514209886818 4.985554180016591 -2.9855541800165906
      vertex 0.5852709660483848 10 -2.9423558412096913
      vertex 0.2940514209886818 10 -2.9855541800165906
    endloop
  endfacet
  facet normal -0.24298017990326343 0 0.9700312531945441
    outer loop
      vertex 0.5852709660483848 4.961804233167026 -2.9423558412096913
      vertex 0.870854031763387 10 -2.8708210071966267
      vertex 0.5852709660483848 10 -2.9423558412096913
    endloop
  endfacet
  facet normal -0.33688985339222116 0 0.9415440651830205
    outer loop
      vertex 0.870854031763387 4.919441987089962 -2.8708210071966267
      vertex 1.1480502970952693 10 -2.77163859753386
      vertex 0.870854031763387 10 -2.8708210071966267
    endloop
  endfacet
  facet normal -0.4275550934302809 0 0.9039892931234438
    outer loop
      vertex 1.1480502970952693 4.860692681572847 -2.77163859753386
      vertex 1.4141902104779929 10 -2.6457637930450653
      vertex 1.1480502970952693 10 -2.77163859753386
    endloop
  endfacet
  facet normal -0.5141027441932225 0 0.8577286100002716
    outer loop
      vertex 1.4141902104779929 4.794028103684031 -2.6457637930450653
      vertex 1.6667106990588065 10 -2.4944088369076356
      vertex 1.4141902104779929 10 -2.6457637930450653
    endloop
  endfacet
  facet normal -0.5956993044924325 0 0.8032075314806455
    outer loop
      vertex 1.6667106990588065 4.707670646419607 -2.4944088369076356
      vertex 1.9031798524909365 10 -2.319031360088211
      vertex 1.6667106990588065 10 -2.4944088369076356
    endloop
  endfacet
  facet normal -0.6715589548470179 0 0.7409511253549597
    outer loop
      vertex 1.9031798524909365 4.623060630407189 -2.319031360088211
      vertex 2.121320343559643 10 -2.121320343559643
      vertex 1.9031798524909365 10 -2.319031360088211
    endloop
  endfacet
  facet normal -0.7409511253549595 0 0.6715589548470178
    outer loop
      vertex 2.121320343559643 4.521066780800429 -2.121320343559643
      vertex 2.319031360088211 10 -1.9031798524909365
      vertex 2.121320343559643 10 -2.121320343559643
    endloop
  endfacet
  facet normal -0.8032075314806456 0 0.5956993044924325
    outer loop
      vertex 2.319031360088211 4.42755643417675 -1.9031798524909365
      vertex 2.4944088369076356 10 -1.6667106990588065
      vertex 2.319031360088211 10 -1.9031798524909365
    endloop
  endfacet
  facet normal -0.8577286100002717 0 0.5141027441932225
    outer loop
      vertex 2.4944088369076356 4.327236855059139 -1.6667106990588065
      vertex 2.6457637930450653 4.236518185551924 -1.4141902104779929
      vertex 2.6457637930450653 10 -1.4141902104779929
    endloop
  endfacet
  facet normal -0.9039892931234439 0 0.42755509343028103
    outer loop
      vertex 2.6457637930450653 4.236518185551924 -1.4141902104779929
      vertex 2.77163859753386 4.161071731209619 -1.1480502970952693
      vertex 2.77163859753386 10 -1.1480502970952693
    endloop
  endfacet
  facet normal -0.9415440651830198 -8.372861695761241e-17 0.33688985339222277
    outer loop
      vertex 2.77163859753386 4.161071731209619 -1.1480502970952693
      vertex 2.777851165098011 4.157348061512726 -1.1306873339170205
      vertex 2.8708210071966267 10 -0.870854031763387
    endloop
  endfacet
  facet normal -0.9415440651830204 0 0.336889853392221
    outer loop
      vertex 2.8708210071966267 4.088396927333463 -0.870854031763387
      vertex 2.8708210071966267 10 -0.870854031763387
      vertex 2.777851165098011 4.157348061512726 -1.1306873339170205
    endloop
  endfacet
  facet normal -0.9700312531945441 0 0.24298017990326345
    outer loop
      vertex 2.8708210071966267 4.088396927333463 -0.870854031763387
      vertex 2.9423558412096913 4.035343078610194 -0.5852709660483848
      vertex 2.9423558412096913 10 -0.5852709660483848
    endloop
  endfacet
  facet normal -0.989176509964781 0 0.1467304744553616
    outer loop
      vertex 2.9423558412096913 4.035343078610194 -0.5852709660483848
      vertex 2.9855541800165906 4.003305007036013 -0.2940514209886818
      vertex 2.9855541800165906 10 -0.2940514209886818
    endloop
  endfacet
  facet normal -0.9987954562051724 0 0.049067674327418334
    outer loop
      vertex 2.9855541800165906 4.003305007036013 -0.2940514209886818
      vertex 3 3.99259125675397 0
      vertex 3 10 0
    endloop
  endfacet
  facet normal -0.8577286100002716 0 0.5141027441932225
    outer loop
      vertex 2.4944088369076356 4.327236855059139 -1.6667106990588065
      vertex 2.6457637930450653 10 -1.4141902104779929
      vertex 2.4944088369076356 10 -1.6667106990588065
    endloop
  endfacet
  facet normal -0.9039892931234439 0 0.4275550934302809
    outer loop
      vertex 2.6457637930450653 4.236518185551924 -1.4141902104779929
      vertex 2.77163859753386 10 -1.1480502970952693
      vertex 2.6457637930450653 10 -1.4141902104779929
    endloop
  endfacet
  facet normal -0.9415440651830205 0 0.3368898533922212
    outer loop
      vertex 2.77163859753386 4.161071731209619 -1.1480502970952693
      vertex 2.8708210071966267 10 -0.870854031763387
      vertex 2.77163859753386 10 -1.1480502970952693
    endloop
  endfacet
  facet normal -0.9700312531945441 0 0.24298017990326343
    outer loop
      vertex 2.8708210071966267 4.088396927333463 -0.870854031763387
      vertex 2.9423558412096913 10 -0.5852709660483848
      vertex 2.8708210071966267 10 -0.870854031763387
    endloop
  endfacet
  facet normal -0.9891765099647809 0 0.1467304744553616
    outer loop
      vertex 2.9423558412096913 4.035343078610194 -0.5852709660483848
      vertex 2.9855541800165906 10 -0.2940514209886818
      vertex 2.9423558412096913 10 -0.5852709660483848
    endloop
  endfacet
  facet normal -0.9987954562051724 0 0.049067674327418334
    outer loop
      vertex 2.9855541800165906 4.003305007036013 -0.2940514209886818
      vertex 3 10 0
      vertex 2.9855541800165906 10 -0.2940514209886818
    endloop
  endfacet
  facet normal -0.8032075314806455 0 -0.5956993044924326
    outer loop
      vertex 2.4944088369076356 4.327236855059139 1.6667106990588065
      vertex 2.3569836841299883 4.409606321741776 1.8520070673665303
      vertex 2.4944088369076356 10 1.6667106990588065
    endloop
  endfacet
  facet normal -0.5956993044924325 0 -0.8032075314806455
    outer loop
      vertex 1.6667106990588065 4.707670646419607 2.4944088369076356
      vertex 1.6667106990588065 10 2.4944088369076356
      vertex 1.9031798524909365 4.623060630407189 2.319031360088211
    endloop
  endfacet
  facet normal -0.671558954847018 -1.825713000533175e-17 -0.7409511253549594
    outer loop
      vertex 1.913417161825449 4.619397662556434 2.3097528037545025
      vertex 1.9031798524909365 10 2.319031360088211
      vertex 2.121320343559643 4.521066780800429 2.121320343559643
    endloop
  endfacet
  facet normal -0.6715589548470128 0 -0.7409511253549642
    outer loop
      vertex 1.9031798524909365 4.623060630407189 2.319031360088211
      vertex 1.9031798524909365 10 2.319031360088211
      vertex 1.913417161825449 4.619397662556434 2.3097528037545025
    endloop
  endfacet
  facet normal -0.7409511253549597 0 -0.6715589548470178
    outer loop
      vertex 2.121320343559643 4.521066780800429 2.121320343559643
      vertex 2.319031360088211 10 1.9031798524909365
      vertex 2.319031360088211 4.42755643417675 1.9031798524909365
    endloop
  endfacet
  facet normal -0.8032075314806458 0 -0.595699304492432
    outer loop
      vertex 2.319031360088211 4.42755643417675 1.9031798524909365
      vertex 2.319031360088211 10 1.9031798524909365
      vertex 2.3569836841299883 4.409606321741776 1.8520070673665303
    endloop
  endfacet
  facet normal -0.049067674327418334 0 -0.9987954562051723
    outer loop
      vertex 0 5 3
      vertex 0 10 3
      vertex 0.2940514209886818 4.985554180016591 2.9855541800165906
    endloop
  endfacet
  facet normal -0.14673047445536233 0 -0.9891765099647809
    outer loop
      vertex 0.2940514209886818 4.985554180016591 2.9855541800165906
      vertex 0.2940514209886818 10 2.9855541800165906
      vertex 0.490085701647803 4.975923633360985 2.95647524140365
    endloop
  endfacet
  facet normal -0.14673047445536022 0 -0.9891765099647812
    outer loop
      vertex 0.490085701647803 4.975923633360985 2.95647524140365
      vertex 0.5852709660483848 10 2.9423558412096913
      vertex 0.5852709660483848 4.961804233167026 2.9423558412096913
    endloop
  endfacet
  facet normal -0.24298017990326343 0 -0.9700312531945441
    outer loop
      vertex 0.5852709660483848 4.961804233167026 2.9423558412096913
      vertex 0.5852709660483848 10 2.9423558412096913
      vertex 0.870854031763387 4.919441987089962 2.8708210071966267
    endloop
  endfacet
  facet normal -0.336889853392222 0 -0.9415440651830201
    outer loop
      vertex 0.870854031763387 4.919441987089962 2.8708210071966267
      vertex 0.870854031763387 10 2.8708210071966267
      vertex 0.9754516100806412 4.903926402016152 2.833395395239069
    endloop
  endfacet
  facet normal -0.4275550934302809 0 -0.9039892931234438
    outer loop
      vertex 1.1480502970952693 4.860692681572847 2.77163859753386
      vertex 1.1480502970952693 10 2.77163859753386
      vertex 1.4141902104779929 4.794028103684031 2.6457637930450653
    endloop
  endfacet
  facet normal -0.3368898533922206 0 -0.9415440651830205
    outer loop
      vertex 0.9754516100806412 4.903926402016152 2.833395395239069
      vertex 1.1480502970952693 10 2.77163859753386
      vertex 1.1480502970952693 4.860692681572847 2.77163859753386
    endloop
  endfacet
  facet normal -0.5141027441932255 0 -0.8577286100002698
    outer loop
      vertex 1.4141902104779929 4.794028103684031 2.6457637930450653
      vertex 1.4141902104779929 10 2.6457637930450653
      vertex 1.4514233862723116 4.784701678661044 2.6234470863062263
    endloop
  endfacet
  facet normal -0.514102744193222 3.387923108048917e-17 -0.857728610000272
    outer loop
      vertex 1.4514233862723116 4.784701678661044 2.6234470863062263
      vertex 1.4141902104779929 10 2.6457637930450653
      vertex 1.6667106990588065 4.707670646419607 2.4944088369076356
    endloop
  endfacet
  facet normal -0.5956993044924325 0 -0.8032075314806455
    outer loop
      vertex 1.9031798524909365 4.623060630407189 2.319031360088211
      vertex 1.6667106990588065 10 2.4944088369076356
      vertex 1.9031798524909365 10 2.319031360088211
    endloop
  endfacet
  facet normal -0.8032075314806456 6.324007692360118e-18 -0.5956993044924325
    outer loop
      vertex 2.3569836841299883 4.409606321741776 1.8520070673665303
      vertex 2.319031360088211 10 1.9031798524909365
      vertex 2.4944088369076356 10 1.6667106990588065
    endloop
  endfacet
  facet normal -0.6715589548470178 0 -0.7409511253549595
    outer loop
      vertex 2.121320343559643 4.521066780800429 2.121320343559643
      vertex 1.9031798524909365 10 2.319031360088211
      vertex 2.121320343559643 10 2.121320343559643
    endloop
  endfacet
  facet normal -0.7409511253549595 0 -0.6715589548470178
    outer loop
      vertex 2.121320343559643 4.521066780800429 2.121320343559643
      vertex 2.121320343559643 10 2.121320343559643
      vertex 2.319031360088211 10 1.9031798524909365
    endloop
  endfacet
  facet normal -0.049067674327418334 0 -0.9987954562051724
    outer loop
      vertex 0.2940514209886818 4.985554180016591 2.9855541800165906
      vertex 0 10 3
      vertex 0.2940514209886818 10 2.9855541800165906
    endloop
  endfacet
  facet normal -0.1467304744553616 2.7561012082920516e-17 -0.9891765099647809
    outer loop
      vertex 0.490085701647803 4.975923633360985 2.95647524140365
      vertex 0.2940514209886818 10 2.9855541800165906
      vertex 0.5852709660483848 10 2.9423558412096913
    endloop
  endfacet
  facet normal -0.2429801799032634 0 -0.9700312531945441
    outer loop
      vertex 0.870854031763387 4.919441987089962 2.8708210071966267
      vertex 0.5852709660483848 10 2.9423558412096913
      vertex 0.870854031763387 10 2.8708210071966267
    endloop
  endfacet
  facet normal -0.3368898533922211 1.849983361758526e-17 -0.9415440651830204
    outer loop
      vertex 0.9754516100806412 4.903926402016152 2.833395395239069
      vertex 0.870854031763387 10 2.8708210071966267
      vertex 1.1480502970952693 10 2.77163859753386
    endloop
  endfacet
  facet normal -0.4275550934302809 0 -0.903989293123444
    outer loop
      vertex 1.4141902104779929 4.794028103684031 2.6457637930450653
      vertex 1.1480502970952693 10 2.77163859753386
      vertex 1.4141902104779929 10 2.6457637930450653
    endloop
  endfacet
  facet normal -0.5141027441932225 0 -0.8577286100002716
    outer loop
      vertex 1.6667106990588065 4.707670646419607 2.4944088369076356
      vertex 1.4141902104779929 10 2.6457637930450653
      vertex 1.6667106990588065 10 2.4944088369076356
    endloop
  endfacet
  facet normal -0.9987954562051724 0 -0.049067674327418334
    outer loop
      vertex 3 3.99259125675397 0
      vertex 2.9855541800165906 4.003305007036013 0.2940514209886818
      vertex 3 10 0
    endloop
  endfacet
  facet normal -0.989176509964781 0 -0.1467304744553616
    outer loop
      vertex 2.9423558412096913 4.035343078610194 0.5852709660483848
      vertex 2.9855541800165906 10 0.2940514209886818
      vertex 2.9855541800165906 4.003305007036013 0.2940514209886818
    endloop
  endfacet
  facet normal -0.9039892931234439 0 -0.427555093430281
    outer loop
      vertex 2.77163859753386 4.161071731209619 1.1480502970952693
      vertex 2.6457637930450653 4.236518185551924 1.4141902104779929
      vertex 2.77163859753386 10 1.1480502970952693
    endloop
  endfacet
  facet normal -0.9415440651830198 0 -0.33688985339222277
    outer loop
      vertex 2.77163859753386 4.161071731209619 1.1480502970952693
      vertex 2.77163859753386 10 1.1480502970952693
      vertex 2.777851165098011 4.157348061512726 1.1306873339170205
    endloop
  endfacet
  facet normal -0.9700312531945441 0 -0.24298017990326345
    outer loop
      vertex 2.9423558412096913 4.035343078610194 0.5852709660483848
      vertex 2.8708210071966267 4.088396927333463 0.870854031763387
      vertex 2.9423558412096913 10 0.5852709660483848
    endloop
  endfacet
  facet normal -0.9415440651830204 0 -0.336889853392221
    outer loop
      vertex 2.8708210071966267 4.088396927333463 0.870854031763387
      vertex 2.777851165098011 4.157348061512726 1.1306873339170205
      vertex 2.8708210071966267 10 0.870854031763387
    endloop
  endfacet
  facet normal -0.8577286100002717 0 -0.5141027441932225
    outer loop
      vertex 2.4944088369076356 4.327236855059139 1.6667106990588065
      vertex 2.6457637930450653 10 1.4141902104779929
      vertex 2.6457637930450653 4.236518185551924 1.4141902104779929
    endloop
  endfacet
  facet normal -0.9987954562051724 0 -0.049067674327418334
    outer loop
      vertex 2.9855541800165906 4.003305007036013 0.2940514209886818
      vertex 2.9855541800165906 10 0.2940514209886818
      vertex 3 10 0
    endloop
  endfacet
  facet normal -0.9891765099647809 0 -0.1467304744553616
    outer loop
      vertex 2.9423558412096913 4.035343078610194 0.5852709660483848
      vertex 2.9423558412096913 10 0.5852709660483848
      vertex 2.9855541800165906 10 0.2940514209886818
    endloop
  endfacet
  facet normal -0.9415440651830205 -5.294595908199408e-18 -0.33688985339222116
    outer loop
      vertex 2.777851165098011 4.157348061512726 1.1306873339170205
      vertex 2.77163859753386 10 1.1480502970952693
      vertex 2.8708210071966267 10 0.870854031763387
    endloop
  endfacet
  facet normal -0.9700312531945441 0 -0.24298017990326343
    outer loop
      vertex 2.8708210071966267 4.088396927333463 0.870854031763387
      vertex 2.8708210071966267 10 0.870854031763387
      vertex 2.9423558412096913 10 0.5852709660483848
    endloop
  endfacet
  facet normal -0.9039892931234439 0 -0.4275550934302809
    outer loop
      vertex 2.6457637930450653 4.236518185551924 1.4141902104779929
      vertex 2.6457637930450653 10 1.4141902104779929
      vertex 2.77163859753386 10 1.1480502970952693
    endloop
  endfacet
  facet normal -0.8577286100002716 0 -0.5141027441932225
    outer loop
      vertex 2.4944088369076356 4.327236855059139 1.6667106990588065
      vertex 2.4944088369076356 10 1.6667106990588065
      vertex 2.6457637930450653 10 1.4141902104779929
    endloop
  endfacet
endsolid OpenSCAD_Model
